15	585	持心梵天所問經	4	西晉	竺法護		譯			西晉 竺法護譯
15	586	思益梵天所問經	4	姚秦	鳩摩羅什		譯			姚秦 鳩摩羅什譯
15	587	勝思惟梵天所問經	6	元魏	菩提流支		譯			元魏 菩提流支譯
15	588	佛說須真天子經	4	西晉	竺法護		譯			西晉 竺法護譯
15	589	佛說魔逆經	1	西晉	竺法護		譯			西晉 竺法護譯
15	590	佛說四天王經	1	劉宋	智嚴共寶雲		譯			劉宋 智嚴共寶雲譯
15	591	商主天子所問經	1	隋	闍那崛多		譯			隋 闍那崛多譯
15	592	天請問經	1	唐	玄奘		譯			唐 玄奘譯
15	593	佛為勝光天子說王法經	1	唐	義淨		譯			唐 義淨譯
15	594	佛說大自在天子因地經	1	宋	施護		譯			宋 施護譯
15	595	佛說嗟韈曩法天子受三歸依獲免惡道經	1	宋	法天		譯			宋 法天譯
15	596	佛說天王太子辟羅經	1		失		譯			失譯
15	597	龍王兄弟經	1	吳	支謙		譯			吳 支謙譯
15	598	佛說海龍王經	4	西晉	竺法護		譯			西晉 竺法護譯
15	599	佛為海龍王說法印經	1	唐	義淨		譯			唐 義淨譯
15	600	十善業道經	1	唐	實叉難陀		譯			唐 實叉難陀譯
15	601	佛為娑伽羅龍王所說大乘經	1	宋	施護		譯			宋 施護譯
15	602	佛說大安般守意經	2	後漢	安世高		譯			後漢 安世高譯
15	603	陰持入經	2	後漢	安世高		譯			後漢 安世高譯
15	604	佛說禪行三十七品經	1	後漢	安世高		譯			後漢 安世高譯
15	605	禪行法想經	1	後漢	安世高		譯			後漢 安世高譯
15	606	修行道地經	7	西晉	竺法護		譯			西晉 竺法護譯
15	607	道地經	1	後漢	安世高	僧伽羅剎	譯	造		僧伽羅剎造 後漢 安世高譯
15	608	小道地經	1	後漢	支曜		譯			後漢 支曜譯
15	609	禪要經	1		失		譯			失譯
15	610	佛說內身觀章句經	1		失		譯			失譯
15	611	法觀經	1	西晉	竺法護		譯			西晉 竺法護譯
15	612	身觀經	1	西晉	竺法護		譯			西晉 竺法護譯
15	613	禪祕要法經	3	姚秦	鳩摩羅什等		譯			姚秦 鳩摩羅什等譯
15	614	坐禪三昧經	2	姚秦	鳩摩羅什		譯			姚秦 鳩摩羅什譯
15	615	菩薩訶色欲法經	1	姚秦	鳩摩羅什		譯			姚秦 鳩摩羅什譯
15	616	禪法要解	2	姚秦	鳩摩羅什		譯			姚秦 鳩摩羅什譯
15	617	思惟略要法	1	姚秦	鳩摩羅什		譯			姚秦 鳩摩羅什譯
15	618	達摩多羅禪經	2	東晉	佛陀跋陀羅		譯			東晉 佛陀跋陀羅譯
15	619	五門禪經要用法	1	劉宋	曇摩蜜多	佛陀蜜多	譯	撰		佛陀蜜多撰 劉宋 曇摩蜜多譯
15	620	治禪病祕要法	2	劉宋	沮渠京聲		譯			劉宋 沮渠京聲譯
15	621	佛說佛印三昧經	1	後漢	安世高		譯			後漢 安世高譯
15	622	佛說自誓三昧經	1	後漢	安世高		譯			後漢 安世高譯
15	623	佛說如來獨證自誓三昧經	1	西晉	竺法護		譯			西晉 竺法護譯
15	624	佛說伅真陀羅所問如來三昧經	3	後漢	支婁迦讖		譯			後漢 支婁迦讖譯
15	625	大樹緊那羅王所問經	4	姚秦	鳩摩羅什		譯			姚秦 鳩摩羅什譯
15	626	佛說阿闍世王經	2	後漢	支婁迦讖		譯			後漢 支婁迦讖譯
15	627	文殊支利普超三昧經	3	西晉	竺法護		譯			西晉 竺法護譯
15	628	佛說未曾有正法經	6	宋	法天		譯			宋 法天譯
15	629	佛說放鉢經	1		闕		譯			闕譯
15	630	佛說成具光明定意經	1	後漢	支曜		譯			後漢 支曜譯
15	631	佛說法律三昧經	1	吳	支謙		譯			吳 支謙譯
15	632	佛說慧印三昧經	1	吳	支謙		譯			吳 支謙譯
15	633	佛說如來智印經	1		失		譯			失譯
15	634	佛說大乘智印經	5	宋	智吉祥等		譯			宋 智吉祥等譯
15	635	佛說弘道廣顯三昧經	4	西晉	竺法護		譯			西晉 竺法護譯
15	636	無極寶三昧經	2	西晉	竺法護		譯			西晉 竺法護譯
15	637	佛說寶如來三昧經	2	東晉	祇多蜜		譯			東晉 祇多蜜譯
15	638	佛說超日明三昧經	2	西晉	聶承遠		譯			西晉 聶承遠譯
15	639	月燈三昧經	10	高齊	那連提耶舍		譯			高齊 那連提耶舍譯
15	640	佛說月燈三昧經	1	劉宋	先公		譯			劉宋 先公譯
15	641	佛說月燈三昧經	1	劉宋	先公		譯			劉宋 先公譯
15	642	佛說首楞嚴三昧經	2	姚秦	鳩摩羅什		譯			姚秦 鳩摩羅什譯
15	643	佛說觀佛三昧海經	10	東晉	佛陀跋陀羅		譯			東晉 佛陀跋陀羅譯
15	644	佛說金剛三昧本性清淨不壞不滅經	1		失		譯			失譯
15	645	不必定入定入印經	1	元魏	瞿曇般若流支		譯			元魏 瞿曇般若流支譯
15	646	入定不定印經	1	唐	義淨		譯			唐 義淨譯
15	647	力莊嚴三昧經	3	隋	那連提耶舍		譯			隋 那連提耶舍譯
15	648	寂照神變三摩地經	1	唐	玄奘		譯			唐 玄奘譯
15	649	觀察諸法行經	4	隋	闍那崛多		譯			隋 闍那崛多譯
15	650	諸法無行經	2	姚秦	鳩摩羅什		譯			姚秦 鳩摩羅什譯
15	651	佛說諸法本無經	3	隋	闍那崛多		譯			隋 闍那崛多譯
15	652	佛說大乘隨轉宣說諸法經	3	宋	紹德等		譯			宋 紹德等譯
15	653	佛藏經	3	姚秦	鳩摩羅什		譯			姚秦 鳩摩羅什譯
15	654	佛說入無分別法門經	1	宋	施護		譯			宋 施護譯
15	655	佛說勝義空經	1	宋	施護等		譯			宋 施護等譯
16	656	菩薩瓔珞經	14	姚秦	竺佛念		譯			姚秦 竺佛念譯
16	657	佛說華手經	10	姚秦	鳩摩羅什		譯			姚秦 鳩摩羅什譯
16	658	寶雲經	7	梁	曼陀羅仙		譯			梁 曼陀羅仙譯
16	659	大乘寶雲經	7	梁	曼陀羅仙共僧伽婆羅		譯			梁 曼陀羅仙共僧伽婆羅譯
16	660	佛說寶雨經	10	唐	達摩流支		譯			唐 達摩流支譯
16	661	大乘百福相經	1	唐	地婆訶羅		譯			唐 地婆訶羅譯
16	662	大乘百福莊嚴相經	1	唐	地婆訶羅		譯			唐 地婆訶羅譯
16	663	金光明經	4	北涼	曇無讖		譯			北涼 曇無讖譯
16		金光明經	4							隋 寶貴合
16	665	金光明最勝王經	10	唐	義淨		譯			唐 義淨譯
16	666	大方等如來藏經	1	東晉	佛陀跋陀羅		譯			東晉 佛陀跋陀羅譯
16	667	大方廣如來藏經	1	唐	不空		譯			唐 不空譯
16	668	佛說不增不減經	1	元魏	菩提流支		譯			元魏 菩提流支譯
16	669	佛說無上依經	2	梁	真諦		譯			梁 真諦譯
16	670	楞伽阿跋多羅寶經	4	劉宋	求那跋陀羅		譯			劉宋 求那跋陀羅譯
16	671	入楞伽經	10	元魏	菩提流支		譯			元魏 菩提流支譯
16	672	大乘入楞伽經	7	唐	實叉難陀		譯			唐 實叉難陀譯
16	673	大乘同性經	2	宇文周	闍那耶舍		譯			宇文周 闍那耶舍譯
16	674	證契大乘經	2	唐	地婆訶羅		譯			唐 地婆訶羅譯
16	675	深密解脫經	5	元魏	菩提流支		譯			元魏 菩提流支譯
16	676	解深密經	5	唐	玄奘		譯			唐 玄奘譯
16	677	佛說解節經	1	陳	真諦		譯			陳 真諦譯
16	678	相續解脫地波羅蜜了義經	1	劉宋	求那跋陀羅		譯			劉宋 求那跋陀羅譯
16	679	相續解脫如來所作隨順處了義經	1	劉宋	求那跋陀羅		譯			劉宋 求那跋陀羅譯
16	680	佛說佛地經	1	唐	玄奘		譯			唐 玄奘譯
16	681	大乘密嚴經	3	唐	地婆訶羅		譯			唐 地婆訶羅譯
16	682	大乘密嚴經	3	唐	不空		譯			唐 不空譯
16	683	佛說諸德福田經	1	西晉	法立法炬共		譯			西晉 法立法炬共譯
16	684	佛說父母恩難報經	1	後漢	安世高		譯			後漢 安世高譯
16	685	佛說盂蘭盆經	1	西晉	竺法護		譯			西晉 竺法護譯
16	686	佛說報恩奉盆經	1		失		譯			失譯
16	687	佛說孝子經	1		失		譯			失譯
16	688	佛說未曾有經	1		失		譯			失譯
16	689	甚希有經	1	唐	玄奘		譯			唐 玄奘譯
16	690	佛說希有挍量功德經	1	隋	闍那崛多		譯			隋 闍那崛多譯
16	691	最無比經	1	唐	玄奘		譯			唐 玄奘譯
16	692	佛說作佛形像經	1		闕		譯			闕譯
16	693	佛說造立形像福報經	1		闕		譯			闕譯
16	694	佛說大乘造像功德經	2	唐	提雲般若		譯			唐 提雲般若譯
16	695	佛說灌洗佛形像經	1	西晉	法炬		譯			西晉 法炬譯
16	696	佛說摩訶剎頭經	1	西秦	聖堅		譯			西秦 聖堅譯
16	697	佛說浴像功德經	1	唐	寶思惟		譯			唐 寶思惟譯
16	698	浴佛功德經	1	唐	義淨		譯			唐 義淨譯
16	699	佛說造塔功德經	1	唐	地婆訶羅		譯			唐 地婆訶羅譯
16	700	右繞佛塔功德經	1	唐	實叉難陀		譯			唐 實叉難陀譯
16	701	佛說溫室洗浴眾僧經	1	後漢	安世高		譯			後漢 安世高譯
16	702	佛說施燈功德經	1	高齊	那連提耶舍		譯			高齊 那連提耶舍譯
16	703	燈指因緣經	1	姚秦	鳩摩羅什		譯			姚秦 鳩摩羅什譯
16	704	佛說樓閣正法甘露鼓經	1	宋	天息災		譯			宋 天息災譯
16	705	佛說布施經	1	宋	法賢		譯			宋 法賢譯
16	706	佛說五大施經	1	宋	施護等		譯			宋 施護等譯
16	707	佛說出家功德經	1		失		譯			失譯
16	708	了本生死經	1	吳	支謙		譯			吳 支謙譯
16	709	佛說稻芉經	1		闕		譯			闕譯
16	710	慈氏菩薩所說大乘緣生稻[卄/幹]喻經	1	唐	不空		譯			唐 不空譯
16	711	大乘舍黎娑擔摩經	1	宋	施護		譯			宋 施護譯
16	712	佛說大乘稻芉經	1		失		譯			失譯
16	713	貝多樹下思惟十二因緣經	1	吳	支謙		譯			吳 支謙譯
16	714	緣起聖道經	1	唐	玄奘		譯			唐 玄奘譯
16	715	佛說舊城喻經	1	宋	法賢		譯			宋 法賢譯
16	716	緣生初勝分法本經	2	隋	達摩笈多		譯			隋 達摩笈多譯
16	717	分別緣起初勝法門經	2	唐	玄奘		譯			唐 玄奘譯
16	718	佛說分別緣生經	1	宋	法天		譯			宋 法天譯
16	719	十二緣生祥瑞經	2	宋	施護		譯			宋 施護譯
16	720	無明羅剎集	3		失		譯			失譯
17	721	正法念處經	70	元魏	瞿曇般若流支		譯			元魏 瞿曇般若流支譯
17	722	妙法聖念處經	8	宋	法天		譯			宋 法天譯
17	723	分別業報略經	1	劉宋	僧伽跋摩	大勇菩薩	譯	撰		大勇菩薩撰 劉宋 僧伽跋摩譯
17	724	佛說罪業應報教化地獄經	1	後漢	安世高		譯			後漢 安世高譯
17	725	佛說六道伽陀經	1	宋	法天		譯			宋 法天譯
17	726	六趣輪迴經	1	宋	日稱等	馬鳴菩薩	譯	集		馬鳴菩薩集 宋 日稱等譯
17	727	十不善業道經	1	宋	日稱等	馬鳴菩薩	譯	集		馬鳴菩薩集 宋 日稱等譯
17	728	諸法集要經	10	宋	日稱等	觀無畏尊者	譯	集		觀無畏尊者集 宋 日稱等譯
17	729	佛說分別善惡所起經	1	後漢	安世高		譯			後漢 安世高譯
17	730	佛說處處經	1	後漢	安世高		譯			後漢 安世高譯
17	731	佛說十八泥犁經	1	後漢	安世高		譯			後漢 安世高譯
17	732	佛說罵意經	1	後漢	安世高		譯			後漢 安世高譯
17	733	佛說堅意經	1	後漢	安世高		譯			後漢 安世高譯
17	734	佛說鬼問目連經	1	後漢	安世高		譯			後漢 安世高譯
17	735	佛說四願經	1	吳	支謙		譯			吳 支謙譯
17	736	佛說四自侵經	1	西晉	竺法護		譯			西晉 竺法護譯
17	737	所欲致患經	1	西晉	竺法護		譯			西晉 竺法護譯
17	738	佛說分別經	1	西晉	竺法護		譯			西晉 竺法護譯
17	739	佛說慢法經	1	西晉	法炬		譯			西晉 法炬譯
17	740	佛說頞多和多耆經	1		失		譯			失譯
17	741	五苦章句經	1	東晉	竺曇無蘭		譯			東晉 竺曇無蘭譯
17	742	佛說自愛經	1	東晉	竺曇無蘭		譯			東晉 竺曇無蘭譯
17	743	佛說忠心經	1	東晉	竺曇無蘭		譯			東晉 竺曇無蘭譯
17	744	佛說除恐災患經	1	乞伏秦	聖堅		譯			乞伏秦 聖堅譯
17	745	佛說雜藏經	1	東晉	法顯		譯			東晉 法顯譯
17	746	餓鬼報應經	1		失		譯			失譯
17	747a	佛說罪福報應經	1	劉宋	求那跋陀羅		譯			劉宋 求那跋陀羅譯
17	747b	佛說輪轉五道罪福報應經	1	劉宋	求那跋陀羅		譯			劉宋 求那跋陀羅譯
17	748	佛說護淨經	1		失		譯			失譯
17	749	佛說因緣僧護經	1		失		譯			失譯
17	750	沙彌羅經	1		失		譯			失譯
17	751a	佛說五無反復經	1	劉宋	沮渠京聲		譯			劉宋 沮渠京聲譯
17	751b	佛說五無返復經	1	劉宋	沮渠京聲		譯			劉宋 沮渠京聲譯
17	752	佛說五無返復經	1	劉宋	沮渠京聲		譯			劉宋 沮渠京聲譯
17	753	十二品生死經	1	劉宋	求那跋陀羅		譯			劉宋 求那跋陀羅譯
17	754	佛說未曾有因緣經	2	蕭齊	曇景		譯			蕭齊 曇景譯
17	755	佛說淨意優婆塞所問經	1	宋	施護		譯			宋 施護譯
17	756	佛說八無暇有暇經	1	唐	義淨		譯			唐 義淨譯
17	757	佛說身毛喜豎經	3	宋	惟淨等		譯			宋 惟淨等譯
17	758	佛說諸行有為經	1	宋	法天		譯			宋 法天譯
17	759	佛說較量壽命經	1	宋	天息災		譯			宋 天息災譯
17	760	惟日雜難經	1	吳	支謙		譯			吳 支謙譯
17	761	佛說法集經	6	元魏	菩提流支		譯			元魏 菩提流支譯
17	762	佛說決定義經	1	宋	法賢		譯			宋 法賢譯
17	763	佛說法乘義決定經	3	宋	金總持等		譯			宋 金總持等譯
17	764	佛說法集名數經	1	宋	施護		譯			宋 施護譯
17	765	本事經	7	唐	玄奘		譯			唐 玄奘譯
17	766	佛說法身經	1	宋	法賢		譯			宋 法賢譯
17	767	佛說三品弟子經	1	吳	支謙		譯			吳 支謙譯
17	768	三慧經	1		失		譯			失譯
17	769	佛說四輩經	1	西晉	竺法護		譯			西晉 竺法護譯
17	770	佛說四不可得經	1	西晉	竺法護		譯			西晉 竺法護譯
17	771	四品學法經	1	劉宋	求那跋陀羅		譯			劉宋 求那跋陀羅譯
17	772	大乘四法經	1	唐	地婆訶羅		譯			唐 地婆訶羅譯
17	773	佛說菩薩修行四法經	1	唐	地婆訶羅		譯			唐 地婆訶羅譯
17	774	大乘四法經	1	唐	實叉難陀		譯			唐 實叉難陀譯
17	775	佛說四無所畏經	1	宋	施護		譯			宋 施護譯
17	776	佛說四品法門經	1	宋	法賢		譯			宋 法賢譯
17	777	佛說賢者五福德經	1	西晉	白法祖		譯			西晉 白法祖譯
17	778	佛說菩薩內習六波羅蜜經	1	後漢	嚴佛調		譯			後漢 嚴佛調譯
17	779	佛說八大人覺經	1	後漢	安世高		譯			後漢 安世高譯
17	780	佛說十力經	1	唐	勿提提犀魚		譯			唐 勿提提犀魚譯
17	781	佛說佛十力經	1	宋	施護等		譯			宋 施護等譯
17	782	佛說十號經	1	宋	天息災		譯			宋 天息災譯
17	783	佛說十二頭陀經	1	劉宋	求那跋陀羅		譯			劉宋 求那跋陀羅譯
17	784	四十二章經	1	後漢	迦葉摩騰共法蘭		譯			後漢 迦葉摩騰共法蘭譯
17	785	得道梯橙錫杖經	1		失		譯			失譯
17	786	佛說木槵子經	1		失		譯			失譯
17	787	曼殊室利呪藏中校量數珠功德經	1	唐	義淨		譯			唐 義淨譯
17	788	佛說校量數珠功德經	1	唐	寶思惟		譯			唐 寶思惟譯
17	789	金剛頂瑜伽念珠經	1	唐	不空		譯			唐 不空譯
17	790	佛說孛經抄	1	吳	支謙		譯			吳 支謙譯
17	791	佛說出家緣經	1	後漢	安世高		譯			後漢 安世高譯
17	792	佛說法受塵經	1	後漢	安世高		譯			後漢 安世高譯
17	793	佛說佛醫經	1	吳	竺律炎共支越		譯			吳 竺律炎共支越譯
17	794a	佛說時非時經	1	西晉	若羅嚴		譯			西晉 若羅嚴譯
17	794b	佛說時非時經	1	西晉	若羅嚴		譯			西晉 若羅嚴譯
17	795	佛治身經	1		失		譯			失譯
17	796	佛說見正經	1	東晉	竺曇無蘭		譯			東晉 竺曇無蘭譯
17	797a	佛說貧窮老公經	1	劉宋	慧簡		譯			劉宋 慧簡譯
17	797b	佛說貧窮老公經	1	劉宋	慧簡		譯			劉宋 慧簡譯
17	798	佛說進學經	1	劉宋	沮渠京聲		譯			劉宋 沮渠京聲譯
17	799	佛說略教誡經	1	唐	義淨		譯			唐 義淨譯
17	800	佛說無上處經	1		失		譯			失譯
17	801	佛說無常經	1	唐	義淨		譯			唐 義淨譯
17	802	佛說信解智力經	1	宋	法賢		譯			宋 法賢譯
17	803	佛說清淨心經	1	宋	施護等		譯			宋 施護等譯
17	804	佛說解憂經	1	宋	法天		譯			宋 法天譯
17	805	佛說栴檀樹經	1		失		譯			失譯
17	806	佛說枯樹經	1							
17	807	佛說內藏百寶經	1	後漢	支婁迦讖		譯			後漢 支婁迦讖譯
17	808	佛說犢子經	1	吳	支謙		譯			吳 支謙譯
17	809	佛說乳光佛經	1	西晉	竺法護		譯			西晉 竺法護譯
17	810	諸佛要集經	2	西晉	竺法護		譯			西晉 竺法護譯
17	811	佛說決定總持經	1	西晉	竺法護		譯			西晉 竺法護譯
17	812	菩薩行五十緣身經	1	西晉	竺法護		譯			西晉 竺法護譯
17	813	佛說無希望經	1	西晉	竺法護		譯			西晉 竺法護譯
17	814	佛說象腋經	1	劉宋	曇摩蜜多		譯			劉宋 曇摩蜜多譯
17	815	佛昇忉利天為母說法經	3	西晉	竺法護		譯			西晉 竺法護譯
17	816	佛說道神足無極變化經	4	西晉	安法欽		譯			西晉 安法欽譯
17	817	佛說大淨法門經	1	西晉	竺法護		譯			西晉 竺法護譯
17	818	大莊嚴法門經	2	隋	那連提耶舍		譯			隋 那連提耶舍譯
17	819	佛說法常住經	1		失		譯			失譯
17	820	佛說演道俗業經	1	乞伏秦	聖堅		譯			乞伏秦 聖堅譯
17	821	大方廣如來祕密藏經	2		失		譯			失譯
17	822	佛說諸法勇王經	1	劉宋	曇摩蜜多		譯			劉宋 曇摩蜜多譯
17	823	佛說一切法高王經	1	元魏	瞿曇般若流支		譯			元魏 瞿曇般若流支譯
17	824	諸法最上王經	1	隋	闍那崛多		譯			隋 闍那崛多譯
17	825	佛說甚深大迴向經	1		失		譯			失譯
17	826	弟子死復生經	1	劉宋	沮渠京聲		譯			劉宋 沮渠京聲譯
17	827	佛說懈怠耕者經	1	劉宋	惠簡		譯			劉宋 惠簡譯
17	828	無字寶篋經	1	元魏	菩提流支		譯			元魏 菩提流支譯
17	829	大乘離文字普光明藏經	1	唐	地婆訶羅		譯			唐 地婆訶羅譯
17	830	大乘遍照光明藏無字法門經	1	唐	地婆訶羅再		譯			唐 地婆訶羅再譯
17	831	謗佛經	1	元魏	菩提流支		譯			元魏 菩提流支譯
17	832	佛語經	1	元魏	菩提流支		譯			元魏 菩提流支譯
17	833	第一義法勝經	1	元魏	瞿曇般若流支		譯			元魏 瞿曇般若流支譯
17	834	大威燈光仙人問疑經	1	隋	闍那崛多等		譯			隋 闍那崛多等譯
17	835	如來師子吼經	1	元魏	佛陀扇多		譯			元魏 佛陀扇多譯
17	836	大方廣師子吼經	1	唐	地婆訶羅		譯			唐 地婆訶羅譯
17	837	佛說出生菩提心經	1	隋	闍那崛多		譯			隋 闍那崛多譯
17	838	佛說發菩提心破諸魔經	2	宋	施護		譯			宋 施護譯
17	839	占察善惡業報經	2	隋	菩提燈		譯			隋 菩提燈譯
17	840	稱讚大乘功德經	1	唐	玄奘		譯			唐 玄奘譯
17	841	說妙法決定業障經	1	唐	智嚴		譯			唐 智嚴譯
17	842	大方廣圓覺修多羅了義經	1	唐	佛陀多羅		譯			唐 佛陀多羅譯
17	843	佛說大乘不思議神通境界經	3	宋	施護		譯			宋 施護譯
17	844	佛說大方廣未曾有經善巧方便品	1	宋	施護		譯			宋 施護譯
17	845	佛說尊那經	1	宋	法賢		譯			宋 法賢譯
17	846	外道問聖大乘法無我義經	1	宋	法天		譯			宋 法天譯
17	847	大乘修行菩薩行門諸經要集	3	唐	智嚴		譯			唐 智嚴譯
18	848	大毘盧遮那成佛神變加持經	7	唐	善無畏．一行		譯			唐 善無畏．一行譯
18	849	大毘盧遮那佛說要略念誦經	1	唐	菩提金剛		譯			唐 菩提金剛譯
18	850	攝大毘盧遮那成佛神變加持經入蓮華胎藏海會悲生曼荼攞廣大念誦儀軌供養方便會	3	唐	輸婆迦羅		譯			唐 輸婆迦羅譯
18	851	大毘盧遮那經廣大儀軌	3	唐	善無畏		譯			唐 善無畏譯
18	852a	大毘盧遮那成佛神變加持經蓮華胎藏悲生曼荼羅廣大成就儀軌供養方便會	2	唐	法全		撰			唐 法全撰
18	852b	大毘盧舍那成佛神變加持經蓮華胎藏悲生曼荼羅廣大成就儀軌	2							
18	853	大毘盧遮那成佛神變加持經蓮華胎藏菩提幢標幟普通真言藏廣大成就瑜伽	3	唐	法全		集			唐 法全集
18	854	胎藏梵字真言	2		失		譯			失譯
18	855	青龍寺軌記	1							
18	856	大毘盧遮那成佛神變加持經略示七支念誦隨行法	1	唐	不空		譯			唐 不空譯
18	857	大日經略攝念誦隨行法	1	唐	不空		譯			唐 不空譯
18	858	大毘盧遮那略要速疾門五支念誦法	1							
18	859	供養儀式	1							
18	860	大日經持誦次第儀軌	1							
18	861	毘盧遮那五字真言修習儀軌	1	唐	不空		譯			唐 不空譯
18	862	阿闍梨大曼荼攞灌頂儀軌	1							
18	863	大毘盧遮那經阿闍梨真實智品中阿闍梨住阿字觀門	1	唐	惟謹		述			唐 惟謹述
18	864A	大日如來劍印	1							
18	864B	胎藏金剛教法名號	1	唐	義操		集			唐 義操集
18	865	金剛頂一切如來真實攝大乘現證大教王經	3	唐	不空		譯			唐 不空譯
18	866	金剛頂瑜伽中略出念誦經	4	唐	金剛智		譯			唐 金剛智譯
18	867	金剛峰樓閣一切瑜伽瑜祇經	2	唐	金剛智		譯			唐 金剛智譯
18	868	諸佛境界攝真實經	3	唐	般若		譯			唐 般若譯
18	869	金剛頂經瑜伽十八會指歸	1	唐	不空		譯			唐 不空譯
18	870	略述金剛頂瑜伽分別聖位修證法門	1	唐	不空		譯			唐 不空譯
18	871	金剛頂瑜伽略述三十七尊心要	1	唐	不空		譯			唐 不空譯
18	872	金剛頂瑜伽三十七尊出生義	1	唐	不空		譯			唐 不空譯
18	873	金剛頂蓮華部心念誦儀軌	1	唐	不空		譯			唐 不空譯
18	874	金剛頂一切如來真實攝大乘現證大教王經	2	唐	不空		譯			唐 不空譯
18	875	蓮華部心念誦儀軌	1		失		譯			失譯
18	876	金剛頂瑜伽修習毘盧遮那三摩地法	1	唐	金剛智		譯			唐 金剛智譯
18	877	金剛頂經毘盧遮那一百八尊法身契印	1	唐	善無畏．一行		譯			唐 善無畏．一行譯
18	878	金剛頂經金剛界大道場毘盧遮那如來自受用身內證智眷屬法身異名佛最上乘祕密三摩地禮懺文	1	唐	不空		譯			唐 不空譯
18	879	金剛頂瑜伽三十七尊禮	1	唐	不空		譯			唐 不空譯
18	880	瑜伽金剛頂經釋字母品	1	唐	不空		譯			唐 不空譯
18	881	賢劫十六尊	1							
18	882	佛說一切如來真實攝大乘現證三昧大教王經	30	宋	施護等		譯			宋 施護等譯
18	883	佛說祕密三昧大教王經	4	宋	施護等		譯			宋 施護等譯
18	884	佛說祕密相經	3	宋	施護等		譯			宋 施護等譯
18	885	佛說一切如來金剛三業最上祕密大教王經	7	宋	施護		譯			宋 施護譯
18	886	佛說金剛場莊嚴般若波羅蜜多教中一分	1	宋	施護		譯			宋 施護譯
18	887	佛說無二平等最上瑜伽大教王經	6	宋	施護		譯			宋 施護譯
18	888	一切祕密最上名義大教王儀軌	2	宋	施護		譯			宋 施護譯
18	889	一切如來大祕密王未曾有最上微妙大曼拏羅經	5	宋	天息災		譯			宋 天息災譯
18	890	佛說瑜伽大教王經	5	宋	法賢		譯			宋 法賢譯
18	891	佛說幻化網大瑜伽教十忿怒明王大明觀想儀軌經	1	宋	法賢		譯			宋 法賢譯
18	892	佛說大悲空智金剛大教王儀軌經	5	宋	法護		譯			宋 法護譯
18	893a	蘇悉地羯羅經	3	唐	輸波迦羅		譯			唐 輸波迦羅譯
18	893b	蘇悉地羯羅經	3	唐	輸波迦羅		譯			唐 輸波迦羅譯
18	893c	蘇悉地羯羅經	3	唐	輸波迦羅		譯			唐 輸波迦羅譯
18	894a	蘇悉地羯羅供養法	3	唐	善無畏		譯			唐 善無畏譯
18	894b	蘇悉地羯羅供養法	2	唐	善無畏		譯			唐 善無畏譯
18	895a	蘇婆呼童子請問經	3	唐	輸波迦羅		譯			唐 輸波迦羅譯
18	895b	蘇婆呼童子請問經	2	唐	輸波迦羅		譯			唐 輸波迦羅譯
18	896	妙臂菩薩所問經	4	宋	法天		譯			宋 法天譯
18	897	蕤呬耶經	3	唐	不空		譯			唐 不空譯
18	898	佛說毘奈耶經	1							
18	899	清淨法身毘盧遮那心地法門成就一切陀羅尼三種悉地	1							
18	900	十八契印	1	唐	惠果		造			唐 惠果造
18	901	陀羅尼集經	12	唐	阿地瞿多		譯			唐 阿地瞿多譯
18	902	總釋陀羅尼義讚	1	唐	不空		譯			唐 不空譯
18	903	都部陀羅尼目	1	唐	不空		譯			唐 不空譯
18	904	念誦結護法普通諸部	1	唐	金剛智		述			唐 金剛智述
18	905	三種悉地破地獄轉業障出三界祕密陀羅尼法	1	唐	善無畏		譯			唐 善無畏譯
18	906	佛頂尊勝心破地獄轉業障出三界祕密三身佛果三種悉地真言儀軌	1	唐	善無畏		譯			唐 善無畏譯
18	907	佛頂尊勝心破地獄轉業障出三界祕密陀羅尼	1	唐	善無畏		譯			唐 善無畏譯
18	908	金剛頂瑜伽護摩儀軌	1	唐	不空		譯			唐 不空譯
18	909	金剛頂瑜伽護摩儀軌	1	唐	不空		譯			唐 不空譯
18	910	梵天擇地法	1							
18	911	建立曼荼羅及揀擇地法	1	唐	慧琳		集			唐 慧琳集
18	912	建立曼荼羅護摩儀軌	1	唐	法全		集			唐 法全集
18	913	火[合*牛]供養儀軌	1							
18	914	火吽軌別錄	1							
18	915	受菩提心戒儀	1	唐	不空		譯			唐 不空譯
18	916	受五戒八戒文	1							
18	917	無畏三藏禪要	1	唐	善無畏		說			唐 善無畏說
19	918	諸佛心陀羅尼經	1	唐	玄奘		譯			唐 玄奘譯
19	919	諸佛心印陀羅尼經	1	宋	法天		譯			宋 法天譯
19	920	佛心經	2	唐	菩提流志		譯			唐 菩提流志譯
19	921	阿閦如來念誦供養法	1	唐	不空		譯			唐 不空譯
19	922	藥師琉璃光如來消災除難念誦儀軌	1	唐	一行		撰			唐 一行撰
19	923	藥師如來觀行儀軌法	1	唐	金剛智		譯			唐 金剛智譯
19	924A	藥師如來念誦儀軌	1	唐	不空		譯			唐 不空譯
19	924B	藥師如來念誦儀軌	1	唐	不空		譯			唐 不空譯
19	924C	藥師儀軌一具	1							
19	925	藥師琉璃光王七佛本願功德經念誦儀軌	2	元	沙囉巴		譯			元 沙囉巴譯
19	926	藥師琉璃光王七佛本願功德經念誦儀軌供養法	1	元	沙囉巴		譯			元 沙囉巴譯
19	927	藥師七佛供養儀軌如意王經	1	清	工布查布		譯			清 工布查布譯
19	928	修藥師儀軌布壇法	1	清	阿旺扎什補		譯			清 阿旺扎什補譯
19	929	淨瑠璃淨土摽	1							
19	930	無量壽如來觀行供養儀軌	1	唐	不空		譯			唐 不空譯
19	931	金剛頂經觀自在王如來修行法	1	唐	不空		譯			唐 不空譯
19	932	金剛頂經瑜伽觀自在王如來修行法	1	唐	金剛智		譯			唐 金剛智譯
19	933	九品往生阿彌陀三摩地集陀羅尼經	1	唐	不空		譯			唐 不空譯
19	934	佛說無量功德陀羅尼經	1	宋	法賢		譯			宋 法賢譯
19	935	極樂願文	1	清	達喇嘛嘎卜楚薩木丹達爾吉		譯			清 達喇嘛嘎卜楚薩木丹達爾吉譯
19	936	大乘無量壽經	1	唐	法成		譯			唐 法成譯
19	937	佛說大乘聖無量壽決定光明王如來陀羅尼經	1	宋	法天		譯			宋 法天譯
19	938	釋迦文尼佛金剛一乘修行儀軌法品	1							
19	939	佛說大乘觀想曼拏羅淨諸惡趣經	2	宋	法賢		譯			宋 法賢譯
19	940	佛說帝釋巖祕密成就儀軌	1	宋	施護		譯			宋 施護譯
19	941	釋迦牟尼佛成道在菩提樹降魔讚	1							
19	942	釋迦佛讚	1	清	達喇嘛薩穆丹達爾吉		譯			清 達喇嘛薩穆丹達爾吉譯
19	943	佛說無能勝幡王如來莊嚴陀羅尼經	1	宋	施護		譯			宋 施護譯
19	944A	大佛頂如來放光悉怛多鉢怛囉陀羅尼	1	唐	不空		譯			唐 不空譯
19	944B	大佛頂大陀羅尼	1							
19	945	大佛頂如來密因修證了義諸菩薩萬行首楞嚴經	10	唐	般剌蜜帝		譯			唐 般剌蜜帝譯
19	946	大佛頂廣聚陀羅尼經	4							
19	947	大佛頂如來放光悉怛多般怛羅大神力都攝一切呪王陀羅尼經大威德最勝金輪三昧呪品	1							
19	948	金輪王佛頂要略念誦法	1	唐	不空		譯			唐 不空譯
19	949	奇特最勝金輪佛頂念誦儀軌法要	1							
19	950	菩提場所說一字頂輪王經	5	唐	不空		譯			唐 不空譯
19	951	一字佛頂輪王經	5	唐	菩提流志		譯			唐 菩提流志譯
19	952	五佛頂三昧陀羅尼經	4	唐	菩提流志		譯			唐 菩提流志譯
19	953	一字奇特佛頂經	3	唐	不空		譯			唐 不空譯
19	954A	一字頂輪王念誦儀軌	1	唐	不空		譯			唐 不空譯
19	954B	一字頂輪王念誦儀軌	1							
19	955	一字頂輪王瑜伽觀行儀軌	1	唐	不空		譯			唐 不空譯
19	956	大陀羅尼末法中一字心呪經	1	唐	寶思惟		譯			唐 寶思惟譯
19	957	金剛頂一字頂輪王瑜伽一切時處念誦成佛儀軌	1	唐	不空		譯			唐 不空譯
19	958	金剛頂經一字頂輪王儀軌音義	1	唐	不空		譯			唐 不空譯
19	959	頂輪王大曼荼羅灌頂儀軌	1	唐	辯弘		集			唐 辯弘集
19	960	一切如來說佛頂輪王一百八名讚	1	宋	施護		譯			宋 施護譯
19	961	如意寶珠轉輪祕密現身成佛金輪呪王經	1	唐	不空		譯			唐 不空譯
19	962	寶悉地成佛陀羅尼經	1	唐	不空		譯			唐 不空譯
19	963	佛說熾盛光大威德消災吉祥陀羅尼經	1	唐	不空		譯			唐 不空譯
19	964	佛說大威德金輪佛頂熾盛光如來消除一切災難陀羅尼經	1		失		譯			失譯
19	965	大妙金剛大甘露軍拏利焰鬘熾盛佛頂經	1	唐	達磨栖那		譯			唐 達磨栖那譯
19	966	大聖妙吉祥菩薩說除災教令法輪	1	唐	尸羅跋陀羅		譯			唐 尸羅跋陀羅譯
19	967	佛頂尊勝陀羅尼經	1	唐	佛陀波利		譯			唐 佛陀波利譯
19	968	佛頂尊勝陀羅尼經	1	唐	杜行顗		譯			唐 杜行顗譯
19	969	佛頂最勝陀羅尼經	1	唐	地婆訶羅		譯			唐 地婆訶羅譯
19	970	最勝佛頂陀羅尼淨除業障呪經	1	唐	地婆訶羅		譯			唐 地婆訶羅譯
19	971	佛說佛頂尊勝陀羅尼經	1	唐	義淨		譯			唐 義淨譯
19	972	佛頂尊勝陀羅尼念誦儀軌法	1	唐	不空		譯			唐 不空譯
19	973	尊勝佛頂脩瑜伽法軌儀	2	唐	善無畏		譯			唐 善無畏譯
19	974A	最勝佛頂陀羅尼經	1	宋	法天		譯			宋 法天譯
19	974B	佛頂尊勝陀羅尼	1							
19	974C	加句靈驗佛頂尊勝陀羅尼記	1	唐	武徹		述			唐 武徹述
19	974D	佛頂尊勝陀羅尼注義	1	唐	不空		譯			唐 不空譯
19	974E	佛頂尊勝陀羅尼真言	1							
19	974F	佛頂尊勝陀羅尼別法	1	唐	若那		譯			唐 若那譯
19	975	白傘蓋大佛頂王最勝無比大威德金剛無礙大道場陀羅尼念誦法要	1							
19	976	佛頂大白傘蓋陀羅尼經	1	元	沙囉巴		譯			元 沙囉巴譯
19	977	佛說大白傘蓋總持陀羅尼經	1	元	真智等		譯			元 真智等譯
19	978	佛說一切如來烏瑟膩沙最勝總持經	1	宋	法天		譯			宋 法天譯
19	979	于瑟抳沙毘左野陀囉尼	1	高麗	指空		譯			高麗 指空譯
19	980	大勝金剛佛頂念誦儀軌	1	唐	金剛智		譯			唐 金剛智譯
19	981	大毘盧遮那佛眼修行儀軌	1	唐	一行		記			唐 一行記
19	982	佛母大孔雀明王經	3	唐	不空		譯			唐 不空譯
19	983A	佛說大孔雀明王畫像壇場儀軌	1	唐	不空		譯			唐 不空譯
19	983B	孔雀經真言等梵本	1	唐	圓仁請		來			唐 圓仁請來
19	984	孔雀王呪經	2	梁	僧伽婆羅		譯			梁 僧伽婆羅譯
19	985	佛說大孔雀呪王經	3	唐	義淨		譯			唐 義淨譯
19	986	大金色孔雀王呪經	1		失		譯			失譯
19	987	佛說大金色孔雀王呪經	1		失		譯			失譯
19	988	孔雀王呪經	1	姚秦	鳩摩羅什		譯			姚秦 鳩摩羅什譯
19	989	大雲輪請雨經	2	唐	不空		譯			唐 不空譯
19	990	大雲經祈雨壇法	1	唐	不空		譯			唐 不空譯
19	991	大雲輪請雨經	2	隋	那連提耶舍		譯			隋 那連提耶舍譯
19	992	大方等大雲經請雨品第六十四	1	北周	闍那耶舍		譯			北周 闍那耶舍譯
19	993	大雲經請雨品第六十四	1	北周	闍那耶舍		譯			北周 闍那耶舍譯
19	994	仁王護國般若波羅蜜多經陀羅尼念誦儀軌	1	唐	不空		譯			唐 不空譯
19	995	仁王般若念誦法	1	唐	不空		譯			唐 不空譯
19	996	仁王般若陀羅尼釋	1	唐	不空		譯			唐 不空譯
19	997	守護國界主陀羅尼經	10	唐	般若共牟尼室利		譯			唐 般若共牟尼室利譯
19	998	佛說迴向輪經	1	唐	尸羅達摩		譯			唐 尸羅達摩譯
19	999	佛說守護大千國土經	3	宋	施護		譯			宋 施護譯
19	1000	成就妙法蓮華經王瑜伽觀智儀軌	1	唐	不空		譯			唐 不空譯
19	1001	法華曼荼羅威儀形色法經	1	唐	不空		譯			唐 不空譯
19	1002	不空羂索毘盧遮那佛大灌頂光真言	1	唐	不空		譯			唐 不空譯
19	1003	大樂金剛不空真實三昧耶經般若波羅蜜多理趣釋	2	唐	不空		譯			唐 不空譯
19	1004	般若波羅蜜多理趣經大樂不空三昧真實金剛薩埵菩薩等一十七聖大曼荼羅義述	1	唐	不空		譯			唐 不空譯
19	1005A	大寶廣博樓閣善住祕密陀羅尼經	3	唐	不空		譯			唐 不空譯
19	1005B	寶樓閣經梵字真言	1							
19	1006	廣大寶樓閣善住祕密陀羅尼經	3	唐	菩提流志		譯			唐 菩提流志譯
19	1007	牟梨曼陀羅呪經	1		失		譯			失譯
19	1008	菩提場莊嚴陀羅尼經	1	唐	不空		譯			唐 不空譯
19	1009	出生無邊門陀羅尼經	1	唐	不空		譯			唐 不空譯
19	1010	佛說出生無邊門陀羅尼儀軌	1	唐	不空		譯			唐 不空譯
19	1011	佛說無量門微密持經	1	吳	支謙		譯			吳 支謙譯
19	1012	佛說出生無量門持經	1	東晉	佛陀跋陀羅		譯			東晉 佛陀跋陀羅譯
19	1013	阿難陀目佉尼呵離陀經	1	劉宋	求那跋陀羅		譯			劉宋 求那跋陀羅譯
19	1014	無量門破魔陀羅尼經	1	劉宋	功德直．玄暢		譯			劉宋 功德直．玄暢譯
19	1015	佛說阿難陀目佉尼呵離陀隣尼經	1	元魏	佛馱扇多		譯			元魏 佛馱扇多譯
19	1016	舍利弗陀羅尼經	1	梁	僧伽婆羅		譯			梁 僧伽婆羅譯
19	1017	佛說一向出生菩薩經	1	隋	闍那崛多		譯			隋 闍那崛多譯
19	1018	出生無邊門陀羅尼經	1	唐	智嚴		譯			唐 智嚴譯
19	1019	大方廣佛華嚴經入法界品四十二字觀門	1	唐	不空		譯			唐 不空譯
19	1020	大方廣佛花嚴經入法界品頓證毘盧遮那法身字輪瑜伽儀軌	1	唐	不空		譯			唐 不空譯
19	1021	華嚴經心陀羅尼	1							
19	1022A	一切如來心祕密全身舍利寶篋印陀羅尼經	1	唐	不空		譯			唐 不空譯
19	1022B	一切如來心祕密全身舍利寶篋印陀羅尼經	1	唐	不空		譯			唐 不空譯
19	1023	一切如來正法祕密篋印心陀羅尼經	1	宋	施護		譯			宋 施護譯
19	1024	無垢淨光大陀羅尼經	1	唐	彌陀山		譯			唐 彌陀山譯
19	1025	佛頂放無垢光明入普門觀察一切如來心陀羅尼經	2	宋	施護		譯			宋 施護譯
19	1026	佛說造塔延命功德經	1	唐	般若		譯			唐 般若譯
19	1027a	金剛光焰止風雨陀羅尼經	1	唐	菩提流志		譯			唐 菩提流志譯
19	1027b	金剛光焰止風雨陀羅尼經	1	唐	菩提流志		譯			唐 菩提流志譯
19	1028A	佛說護諸童子陀羅尼經	1	元魏	菩提流支		譯			元魏 菩提流支譯
19	1028B	童子經念誦法	1	唐	善無畏		譯			唐 善無畏譯
19	1029	佛說安宅陀羅尼呪經	1							
20	1030	觀自在大悲成就瑜伽蓮華部念誦法門	1	唐	不空		譯			唐 不空譯
20	1031	聖觀自在菩薩心真言瑜伽觀行儀軌	1	唐	不空		譯			唐 不空譯
20	1032	瑜伽蓮華部念誦法	1	唐	不空		譯			唐 不空譯
20	1033	金剛恐怖集會方廣軌儀觀自在菩薩三世最勝心明王經	1	唐	不空		譯			唐 不空譯
20	1034	呪五首	1	唐	玄奘		譯			唐 玄奘譯
20	1035	千轉陀羅尼觀世音菩薩呪	1	唐	智通		譯			唐 智通譯
20	1036	千轉大明陀羅尼經	1	宋	施護		譯			宋 施護譯
20	1037	觀自在菩薩說普賢陀羅尼經	1	唐	不空		譯			唐 不空譯
20	1038	清淨觀世音普賢陀羅尼經	1	唐	智通		譯			唐 智通譯
20	1039	阿唎多羅陀羅尼阿嚕力經	1	唐	不空		譯			唐 不空譯
20	1040	金剛頂降三世大儀軌法王教中觀自在菩薩心真言一切如來蓮華大曼荼羅品	1	唐	不空		譯			唐 不空譯
20	1041	觀自在菩薩心真言一印念誦法	1	唐	不空		譯			唐 不空譯
20	1042	觀自在菩薩大悲智印周遍法界利益眾生薰真如法	1	唐	不空		譯			唐 不空譯
20	1043	請觀世音菩薩消伏毒害陀羅尼呪經	1	東晉	難提		譯			東晉 難提譯
20	1044	佛說六字呪王經	1		失		譯			失譯
20	1045a	佛說六字神呪王經	1		失		譯			失譯
20	1045b	六字神呪王經	1		失		譯			失譯
20	1046	六字大陀羅尼呪經	1		失		譯			失譯
20	1047	佛說聖六字大明王陀羅尼經	1	宋	施護		譯			宋 施護譯
20	1048	佛說大護明大陀羅尼經	1	宋	法天		譯			宋 法天譯
20	1049	聖六字增壽大明陀羅尼經	1	宋	施護		譯			宋 施護譯
20	1050	佛說大乘莊嚴寶王經	4	宋	天息災		譯			宋 天息災譯
20	1051	佛說一切佛攝相應大教王經聖觀自在菩薩念誦儀軌	1	宋	法賢		譯			宋 法賢譯
20	1052	讚觀世音菩薩頌	1	唐	慧智		譯			唐 慧智譯
20	1053	聖觀自在菩薩功德讚	1	宋	施護		譯			宋 施護譯
20	1054	聖觀自在菩薩一百八名經	1	宋	天息災		譯			宋 天息災譯
20	1055	佛說聖觀自在菩薩梵讚	1	宋	法賢		譯			宋 法賢譯
20	1056	金剛頂瑜伽千手千眼觀自在菩薩修行儀軌經	2	唐	不空		譯			唐 不空譯
20	1057a	千眼千臂觀世音菩薩陀羅尼神呪經	2	唐	智通		譯			唐 智通譯
20	1057b	千眼千臂觀世音菩薩陀羅尼神呪經	2	唐	智通		譯			唐 智通譯
20	1058	千手千眼觀世音菩薩姥陀羅尼身經	1	唐	菩提流志		譯			唐 菩提流志譯
20	1059	千手千眼觀世音菩薩治病合藥經	1	唐	伽梵達摩		譯			唐 伽梵達摩譯
20	1060	千手千眼觀世音菩薩廣大圓滿無礙大悲心陀羅尼經	1	唐	伽梵達摩		譯			唐 伽梵達摩譯
20	1061	千手千眼觀自在菩薩廣大圓滿無礙大悲心陀羅尼呪本	1	唐	金剛智		譯			唐 金剛智譯
20	1062A	千手千眼觀世音菩薩大身呪本	1	唐	金剛智		譯			唐 金剛智譯
20	1062B	世尊聖者千眼千首千足千舌千臂觀自在菩提薩埵怛嚩廣大圓滿無礙大悲心陀羅尼	1							
20	1063	番大悲神呪	1							
20	1064	千手千眼觀世音菩薩大悲心陀羅尼	1	唐	不空		譯			唐 不空譯
20	1065	千光眼觀自在菩薩祕密法經	1	唐	三昧蘇嚩羅		譯			唐 三昧蘇嚩羅譯
20	1066	大悲心陀羅尼修行念誦略儀	1	唐	不空		譯			唐 不空譯
20	1067	攝無礙大悲心大陀羅尼經計一法中出無量義南方滿願補陀落海會五部諸尊等弘誓力方位及威儀形色執持三摩耶幖幟曼荼羅儀軌	1	唐	不空		譯			唐 不空譯
20	1068	千手觀音造次第法儀軌	1	唐	善無畏		譯			唐 善無畏譯
20	1069	十一面觀自在菩薩心密言念誦儀軌經	3	唐	不空		譯			唐 不空譯
20	1070	佛說十一面觀世音神呪經	1	北周	耶舍崛多		譯			北周 耶舍崛多譯
20	1071	十一面神呪心經	1	唐	玄奘		譯			唐 玄奘譯
20	1072A	聖賀野紇哩縛大威怒王立成大神驗供養念誦儀軌法品	2	唐	不空		譯			唐 不空譯
20	1072B	馬頭觀音心陀羅尼	1							
20	1073	何耶揭唎婆像法	1							
20	1074	何耶揭唎婆觀世音菩薩受法壇	1							
20	1075	佛說七俱胝佛母准提大明陀羅尼經	1	唐	金剛智		譯			唐 金剛智譯
20	1076	七俱胝佛母所說准提陀羅尼經	1	唐	不空		譯			唐 不空譯
20	1077	佛說七俱胝佛母心大准提陀羅尼經	1	唐	地婆訶羅		譯			唐 地婆訶羅譯
20	1078	七佛俱胝佛母心大准提陀羅尼法	1	唐	善無畏		譯			唐 善無畏譯
20	1079	七俱胝獨部法	1	唐	善無畏		譯			唐 善無畏譯
20	1080	如意輪陀羅尼經	1	唐	菩提流志		譯			唐 菩提流志譯
20	1081	佛說觀自在菩薩如意心陀羅尼呪經	1	唐	義淨		譯			唐 義淨譯
20	1082	觀世音菩薩祕密藏如意輪陀羅尼神呪經	1	唐	實叉難陀		譯			唐 實叉難陀譯
20	1083	觀世音菩薩如意摩尼陀羅尼經	1	唐	寶思惟		譯			唐 寶思惟譯
20	1084	觀世音菩薩如意摩尼輪陀羅尼念誦法	1	唐	寶思惟		譯			唐 寶思惟譯
20	1085	觀自在菩薩如意輪念誦儀軌	1	唐	不空		譯			唐 不空譯
20	1086	觀自在菩薩如意輪瑜伽	1	唐	不空		譯			唐 不空譯
20	1087	觀自在如意輪菩薩瑜伽法要	1	唐	金剛智		譯			唐 金剛智譯
20	1088	如意輪菩薩觀門義注祕訣	1							
20	1089	都表如意摩尼轉輪聖王次第念誦祕密最要略法	1	唐	解脫師子		譯			唐 解脫師子譯
20	1090	佛說如意輪蓮華心如來修行觀門儀	1	宋	慈賢		譯			宋 慈賢譯
20	1091	七星如意輪祕密要經	1	唐	不空		譯			唐 不空譯
20	1092	不空羂索神變真言經	30	唐	菩提流志		譯			唐 菩提流志譯
20	1093	不空羂索呪經	1	隋	闍那崛多		譯			隋 闍那崛多譯
20	1094	不空羂索神呪心經	1	唐	玄奘		譯			唐 玄奘譯
20	1095	不空羂索呪心經	1	唐	菩提流志		譯			唐 菩提流志譯
20	1096	不空羂索陀羅尼經	1	唐	李無諂		譯			唐 李無諂譯
20	1097	不空羂索陀羅尼自在王呪經	3	唐	寶思惟		譯			唐 寶思惟譯
20	1098	佛說不空羂索陀羅尼儀軌經	2	唐	阿目佉		譯			唐 阿目佉譯
20	1099	佛說聖觀自在菩薩不空王祕密心陀羅尼經	1	宋	施護等		譯			宋 施護等譯
20	1100	葉衣觀自在菩薩經	1	唐	不空		譯			唐 不空譯
20	1101	佛說大方廣曼殊室利經	1	唐	不空		譯			唐 不空譯
20	1102	金剛頂經多羅菩薩念誦法	1	唐	不空		譯			唐 不空譯
20	1103a	觀自在菩薩隨心呪經	1	唐	智通		譯			唐 智通譯
20	1103b	觀自在菩薩怛嚩多唎隨心陀羅尼經	1	唐	智通		譯			唐 智通譯
20	1104	佛說聖多羅菩薩經	1	宋	法賢		譯			宋 法賢譯
20	1105	聖多羅菩薩一百八名陀羅尼經	1	宋	法天		譯			宋 法天譯
20	1106	讚揚聖德多羅菩薩一百八名經	1	宋	天息災		譯			宋 天息災譯
20	1107	聖多羅菩薩梵讚	1	宋	施護		譯			宋 施護譯
20	1108A	聖救度佛母二十一種禮讚經	1	元	安藏		譯			元 安藏譯
20	1108B	救度佛母二十一種禮讚經	1							
20	1109	白救度佛母讚	1	清	阿旺扎什		譯			清 阿旺扎什譯
20	1110	佛說一髻尊陀羅尼經	1	唐	不空		譯			唐 不空譯
20	1111	青頸觀自在菩薩心陀羅尼經	1	唐	不空		注			唐 不空注
20	1112	金剛頂瑜伽青頸大悲王觀自在念誦儀軌	1	唐	金剛智		譯			唐 金剛智譯
20	1113A	觀自在菩薩廣大圓滿無礙大悲心陀羅尼	1	高麗	指空		校			高麗 指空校
20	1113B	大慈大悲救苦觀世音自在王菩薩廣大圓滿無礙自在青頸大悲心陀羅尼	1	唐	不空		譯			唐 不空譯
20	1114	毘俱胝菩薩一百八名經	1	宋	法天		譯			宋 法天譯
20	1115	觀自在菩薩阿麼[齒*來]法	1							
20	1116	廣大蓮華莊嚴曼拏羅滅一切罪陀羅尼經	1	宋	施護		譯			宋 施護譯
20	1117	佛說觀自在菩薩母陀羅尼經	1	宋	法賢		譯			宋 法賢譯
20	1118	佛說十八臂陀羅尼經	1	宋	法賢		譯			宋 法賢譯
20	1119	大樂金剛薩埵修行成就儀軌	1	唐	不空		譯			唐 不空譯
20	1120A	金剛頂勝初瑜伽經中略出大樂金剛薩埵念誦儀	1	唐	不空		譯			唐 不空譯
20	1120B	勝初瑜伽儀軌真言	1	唐	空海請		來			唐 空海請來
20	1121	金剛頂普賢瑜伽大教王經大樂不空金剛薩埵一切時方成就儀	1							
20	1122	金剛頂瑜伽他化自在天理趣會普賢修行念誦儀軌	1	唐	不空		譯			唐 不空譯
20	1123	金剛頂勝初瑜伽普賢菩薩念誦法	1	唐	不空		譯			唐 不空譯
20	1124	普賢金剛薩埵略瑜伽念誦儀軌	1	唐	不空		譯			唐 不空譯
20	1125	金剛頂瑜伽金剛薩埵五祕密修行念誦儀軌	1	唐	不空		譯			唐 不空譯
20	1126	佛說普賢曼拏羅經	1	宋	施護		譯			宋 施護譯
20	1127	佛說普賢菩薩陀羅尼經	1	宋	法天		譯			宋 法天譯
20	1128	最上大乘金剛大教寶王經	2	宋	法天		譯			宋 法天譯
20	1129	佛說金剛手菩薩降伏一切部多大教王經	3	宋	法天		譯			宋 法天譯
20	1130	大乘金剛髻珠菩薩修行分	1	唐	菩提流志		譯			唐 菩提流志譯
20	1131	聖金剛手菩薩一百八名梵讚	1	宋	法賢		譯			宋 法賢譯
20	1132	金剛王菩薩祕密念誦儀軌	1	唐	不空		譯			唐 不空譯
20	1133	金剛壽命陀羅尼念誦法	1	唐	不空		譯			唐 不空譯
20	1134A	金剛壽命陀羅尼經法	1	唐	不空		譯			唐 不空譯
20	1134B	金剛壽命陀羅尼經	1	唐	不空		譯			唐 不空譯
20	1135	佛說一切如來金剛壽命陀羅尼經	1	唐	不空		譯			唐 不空譯
20	1136	佛說一切諸如來心光明加持普賢菩薩延命金剛最勝陀羅尼經	1	唐	不空		譯			唐 不空譯
20	1137	佛說善法方便陀羅尼經	1		失		譯			失譯
20	1138a	金剛祕密善門陀羅尼呪經	1		失		譯			失譯
20	1138b	金剛祕密善門陀羅尼經	1		失		譯			失譯
20	1139	護命法門神呪經	1	唐	菩提流志		譯			唐 菩提流志譯
20	1140	佛說延壽妙門陀羅尼經	1	宋	法賢		譯			宋 法賢譯
20	1141	慈氏菩薩略修瑜伽念誦法	2	唐	善無畏		譯			唐 善無畏譯
20	1142	佛說慈氏菩薩陀羅尼	1	宋	法賢		譯			宋 法賢譯
20	1143	佛說慈氏菩薩誓願陀羅尼經	1	宋	法賢		譯			宋 法賢譯
20	1144	佛說彌勒菩薩發願王偈	1	清	工布查布		譯			清 工布查布譯
20	1145	虛空藏菩薩能滿諸願最勝心陀羅尼求聞持法	1	唐	善無畏		譯			唐 善無畏譯
20	1146	大虛空藏菩薩念誦法	1	唐	不空		譯			唐 不空譯
20	1147	聖虛空藏菩薩陀羅尼經	1	宋	法天		譯			宋 法天譯
20	1148	佛說虛空藏菩薩陀羅尼	1	宋	法賢		譯			宋 法賢譯
20	1149	五大虛空藏菩薩速疾大神驗祕密式經	1	唐	金剛智		譯			唐 金剛智譯
20	1150	轉法輪菩薩摧魔怨敵法	1	唐	不空		譯			唐 不空譯
20	1151	修習般若波羅蜜菩薩觀行念誦儀軌	1	唐	不空		譯			唐 不空譯
20	1152	佛說佛母般若波羅蜜多大明觀想儀軌	1	宋	施護		譯			宋 施護譯
20	1153	普遍光明清淨熾盛如意寶印心無能勝大明王大隨求陀羅尼經	2	唐	不空		譯			唐 不空譯
20	1154	佛說隨求即得大自在陀羅尼神呪經	1	唐	寶思惟		譯			唐 寶思惟譯
20	1155	金剛頂瑜伽最勝祕密成佛隨求即得神變加持成就陀羅尼儀軌	1	唐	不空		譯			唐 不空譯
20	1156A	大隨求即得大陀羅尼明王懺悔法	1	唐	惟謹		述			唐 惟謹述
20	1156B	宗叡僧正於唐國師所口受	1							
20	1157	香王菩薩陀羅尼呪經	1	唐	義淨		譯			唐 義淨譯
20	1158	地藏菩薩儀軌	1	唐	輸婆迦羅		譯			唐 輸婆迦羅譯
20	1159A	[峚-大+(企-止)]窖大道心驅策法	1							
20	1159B	佛說地藏菩薩陀羅尼經	1							
20	1160	日光菩薩月光菩薩陀羅尼	1							
20	1161	佛說觀藥王藥上二菩薩經	1	劉宋	畺良耶舍		譯			劉宋 畺良耶舍譯
20	1162	持世陀羅尼經	1	唐	玄奘		譯			唐 玄奘譯
20	1163	佛說雨寶陀羅尼經	1	唐	不空		譯			唐 不空譯
20	1164	佛說大乘聖吉祥持世陀羅尼經	1	宋	法天		譯			宋 法天譯
20	1165	聖持世陀羅尼經	1	宋	施護		譯			宋 施護譯
20	1166	馬鳴菩薩大神力無比驗法念誦軌儀	1	唐	金剛智		譯			唐 金剛智譯
20	1167	八大菩薩曼荼羅經	1	唐	不空		譯			唐 不空譯
20	1168A	佛說大乘八大曼拏羅經	1	宋	法賢		譯			宋 法賢譯
20	1168B	八曼荼羅經	1							
20	1169	佛說持明藏瑜伽大教尊那菩薩大明成就儀軌經	4	宋	法賢		譯			宋 法賢譯
20	1170	佛說金剛香菩薩大明成就儀軌經	3	宋	施護		譯			宋 施護譯
20	1171	金剛頂經瑜伽文殊師利菩薩法	1	唐	不空		譯			唐 不空譯
20	1172	金剛頂超勝三界經說文殊五字真言勝相	1	唐	不空		譯			唐 不空譯
20	1173	金剛頂經曼殊室利菩薩五字心陀羅尼品	1	唐	金剛智		譯			唐 金剛智譯
20	1174	五字陀羅尼頌	1	唐	不空		譯			唐 不空譯
20	1175	金剛頂經瑜伽文殊師利菩薩供養儀軌	1	唐	不空		譯			唐 不空譯
20	1176	曼殊室利童子菩薩五字瑜伽法	1	唐	不空		譯			唐 不空譯
20	1177A	大乘瑜伽金剛性海曼殊室利千臂千鉢大教王經	10	唐	不空		譯			唐 不空譯
20	1177B	千鉢文殊一百八名讚	1	唐	空海請		來			唐 空海請來
20	1178	文殊菩薩獻佛陀羅尼名烏蘇吒	1							
20	1179	文殊師利菩薩六字呪功能法經	1							
20	1180	六字神呪經	1	唐	菩提流志		譯			唐 菩提流志譯
20	1181	大方廣菩薩藏經中文殊師利根本一字陀羅尼經	1	唐	寶思惟		譯			唐 寶思惟譯
20	1182	曼殊室利菩薩呪藏中一字呪王經	1	唐	義淨		譯			唐 義淨譯
20	1183	一髻文殊師利童子陀羅尼念誦儀軌	1	唐	金剛福壽		譯			唐 金剛福壽譯
20	1184	大聖妙吉祥菩薩祕密八字陀羅尼修行曼荼羅次第儀軌法	1	唐	菩提仙		譯			唐 菩提仙譯
20	1185A	佛說文殊師利法寶藏陀羅尼經	1	唐	菩提流志		譯			唐 菩提流志譯
20	1185B	文殊師利寶藏陀羅尼經	1	唐	菩提流志		譯			唐 菩提流志譯
20	1186	佛說妙吉祥菩薩陀羅尼	1	宋	法賢		譯			宋 法賢譯
20	1187	佛說最勝妙吉祥根本智最上祕密一切名義三摩地分	2	宋	施護		譯			宋 施護譯
20	1188	文殊所說最勝名義經	2	宋	金總持等		譯			宋 金總持等譯
20	1189	佛說文殊菩薩最勝真實名義經	1	元	沙囉巴		譯			元 沙囉巴譯
20	1190	聖妙吉祥真實名經	1	元	釋智		譯			元 釋智譯
20	1191	大方廣菩薩藏文殊師利根本儀軌經	20	宋	天息災		譯			宋 天息災譯
20	1192	妙吉祥平等祕密最上觀門大教王經	5	宋	慈賢		譯			宋 慈賢譯
20	1193	妙吉祥平等瑜伽祕密觀身成佛儀軌	1	宋	慈賢		譯			宋 慈賢譯
20	1194	妙吉祥平等觀門大教王經略出護摩儀	1	宋	慈賢		譯			宋 慈賢譯
20	1195	大聖文殊師利菩薩讚佛法身禮	1	唐	不空		譯			唐 不空譯
20	1196	曼殊室利菩薩吉祥伽陀	1	宋	法賢		譯			宋 法賢譯
20	1197	佛說文殊師利一百八名梵讚	1	宋	法天		譯			宋 法天譯
20	1198	聖者文殊師利發菩提心願文	1	元	智慧		譯			元 智慧譯
21	1199	金剛手光明灌頂經最勝立印聖無動尊大威怒王念誦儀軌法品	1	唐	不空		譯			唐 不空譯
21	1200	底哩三昧耶不動尊威怒王使者念誦法	1	唐	不空		譯			唐 不空譯
21	1201	底哩三昧耶不動尊聖者念誦祕密法	3	唐	不空		譯			唐 不空譯
21	1202	不動使者陀羅尼祕密法	1	唐	金剛智		譯			唐 金剛智譯
21	1203	聖無動尊安鎮家國等法	1							
21	1204	聖無動尊一字出生八大童子祕要法品	1							
21	1205	勝軍不動明王四十八使者祕密成就儀軌	1	唐	遍智		集			唐 遍智集
21	1206	佛說俱利伽羅大龍勝外道伏陀羅尼經	1							
21	1207	說矩里迦龍王像法	1							
21	1208	俱力迦羅龍王儀軌	1	唐	金剛智		譯			唐 金剛智譯
21	1209	金剛頂瑜伽降三世成就極深密門	1	唐	不空		譯			唐 不空譯
21	1210	降三世忿怒明王念誦儀軌	1	唐	不空		譯			唐 不空譯
21	1211	甘露軍荼利菩薩供養念誦成就儀軌	1	唐	不空		譯			唐 不空譯
21	1212	西方陀羅尼藏中金剛族阿蜜哩多軍吒利法	1	唐	海雲		記			唐 海雲記
21	1213	千臂軍荼利梵字真言	1	唐	義操		記			唐 義操記
21	1214	聖閻曼德迦威怒王立成大神驗念誦法	1	唐	不空		譯			唐 不空譯
21	1215	大乘方廣曼殊室利菩薩華嚴本教閻曼德迦忿怒王真言大威德儀軌品	1							
21	1216	大方廣曼殊室利童真菩薩華嚴本教讚閻曼德迦忿怒王真言阿毘遮嚕迦儀軌品	1							
21	1217	佛說妙吉祥最勝根本大教經	3	宋	法賢		譯			宋 法賢譯
21	1218	文殊師利耶曼德迦呪法	1	唐	宗叡將		來			唐 宗叡將來
21	1219	曼殊室利焰曼德迦萬愛祕術如意法	1	唐	一行		撰			唐 一行撰
21	1220	金剛藥叉瞋怒王息災大威神驗念誦儀軌	1	唐	金剛智		譯			唐 金剛智譯
21	1221	青色大金剛藥叉辟鬼魔法	1	唐	空蜝		述			唐 空蜝述
21	1222a	聖迦抳忿怒金剛童子菩薩成就儀軌經	3	唐	不空		譯			唐 不空譯
21	1222b	聖迦柅忿怒金剛童子菩薩成就儀軌經	3	唐	不空		譯			唐 不空譯
21	1223	佛說無量壽佛化身大忿迅俱摩羅金剛念誦瑜伽儀軌法	1	唐	金剛智		譯			唐 金剛智譯
21	1224	金剛童子持念經	1							
21	1225	大威怒烏芻澁麼儀軌經	1	唐	不空		譯			唐 不空譯
21	1226	烏芻澁明王儀軌梵字	1	唐	空海請		來			唐 空海請來
21	1227	大威力烏樞瑟摩明王經	3	唐	阿質達霰		譯			唐 阿質達霰譯
21	1228	穢跡金剛說神通大滿陀羅尼法術靈要門	1	唐	阿質達霰		譯			唐 阿質達霰譯
21	1229	穢跡金剛禁百變法經	1	唐	阿質達霰		譯			唐 阿質達霰譯
21	1230	佛說大輪金剛總持陀羅尼經	1							
21	1231	大輪金剛修行悉地成就及供養法	1							
21	1232	播般曩結使波金剛念誦儀	1							
21	1233	佛說無能勝大明王陀羅尼經	1	宋	法天		譯			宋 法天譯
21	1234	無能勝大明陀羅尼經	1	宋	法天		譯			宋 法天譯
21	1235	無能勝大明心陀羅尼經	1	宋	法天		譯			宋 法天譯
21	1236	聖無能勝金剛火陀羅尼經	1	宋	法天		譯			宋 法天譯
21	1237	阿吒婆拘鬼神大將上佛陀羅尼神呪經	1		失		譯			失譯
21	1238	阿吒婆[牛*句]鬼神大將上佛陀羅尼經	1		失		譯			失譯
21	1239	阿吒薄俱元帥大將上佛陀羅尼經修行儀軌	3	唐	善無畏		譯			唐 善無畏譯
21	1240	阿吒薄[牛*句]付囑呪	1							
21	1241	伽馱金剛真言	1							
21	1242	佛說妙吉祥瑜伽大教金剛陪囉嚩輪觀想成就儀軌經	1	宋	法賢		譯			宋 法賢譯
21	1243	佛說出生一切如來法眼遍照大力明王經	2	宋	法護		譯			宋 法護譯
21	1244	毘沙門天王經	1	唐	不空		譯			唐 不空譯
21	1245	佛說毘沙門天王經	1	宋	法天		譯			宋 法天譯
21	1246	摩訶吠室囉末那野提婆喝囉闍陀羅尼儀軌	1	唐	般若斫羯囉		譯			唐 般若斫羯囉譯
21	1247	北方毘沙門天王隨軍護法儀軌	1	唐	不空		譯			唐 不空譯
21	1248	北方毘沙門天王隨軍護法真言	1	唐	不空		譯			唐 不空譯
21	1249	毘沙門儀軌	1	唐	不空		譯			唐 不空譯
21	1250	北方毘沙門多聞寶藏天王神妙陀羅尼別行儀軌	1	唐	不空		譯			唐 不空譯
21	1251	吽迦陀野儀軌	3	唐	金剛智		譯			唐 金剛智譯
21	1252a	佛說大吉祥天女十二名號經	1	唐	不空		譯			唐 不空譯
21	1252b	佛說大吉祥天女十二名號經	1	唐	不空		譯			唐 不空譯
21	1253	大吉祥天女十二契一百八名無垢大乘經	1	唐	不空		譯			唐 不空譯
21	1254	末利支提婆華鬘經	1	唐	不空		譯			唐 不空譯
21	1255a	佛說摩利支天菩薩陀羅尼經	1	唐	不空		譯			唐 不空譯
21	1255b	佛說摩利支天經	1	唐	不空		譯			唐 不空譯
21	1256	佛說摩利支天陀羅尼呪經	1		失		譯			失譯
21	1257	佛說大摩里支菩薩經	7	宋	天息災		譯			宋 天息災譯
21	1258	摩利支菩薩略念誦法	1	唐	不空		譯			唐 不空譯
21	1259	摩利支天一印法	1							
21	1260	大藥叉女歡喜母并愛子成就法	1	唐	不空		譯			唐 不空譯
21	1261	訶利帝母真言經	1	唐	不空		譯			唐 不空譯
21	1262	佛說鬼子母經	1		失		譯			失譯
21	1263	氷揭羅天童子經	1	唐	不空		譯			唐 不空譯
21	1264a	觀自在菩薩化身蘘麌哩曳童女銷伏毒害陀羅尼經	1	唐	不空		譯			唐 不空譯
21	1264b	佛說穰麌梨童女經	1	唐	不空		譯			唐 不空譯
21	1265	佛說常瞿利毒女陀羅尼呪經	1	唐	瞿多		譯			唐 瞿多譯
21	1266	大聖天歡喜雙身毘那夜迦法	1	唐	不空		譯			唐 不空譯
21	1267	使呪法經	1	唐	菩提留支		譯			唐 菩提留支譯
21	1268	大使呪法經	1	唐	菩提留支		譯			唐 菩提留支譯
21	1269	佛說金色迦那鉢底陀羅尼經	1	唐	金剛智		譯			唐 金剛智譯
21	1270	大聖歡喜雙身大自在天毘那夜迦王歸依念誦供養法	1	唐	善無畏		譯			唐 善無畏譯
21	1271	摩訶毘盧遮那如來定惠均等入三昧耶身雙身大聖歡喜天菩薩修行祕密法儀軌	1	唐	不空		譯			唐 不空譯
21	1272	金剛薩埵說頻那夜迦天成就儀軌經	4	宋	法賢		譯			宋 法賢譯
21	1273	毘那夜迦誐那鉢底瑜伽悉地品祕要	1	唐	含光		記			唐 含光記
21	1274	大聖歡喜雙身毘那夜迦天形像品儀軌	1	唐	憬瑟		撰			唐 憬瑟撰
21	1275	聖歡喜天式法	1	唐	般若惹羯羅		撰			唐 般若惹羯羅撰
21	1276	文殊師利菩薩根本大教王經金翅鳥王品	1	唐	不空		譯			唐 不空譯
21	1277	速疾立驗魔醯首羅天說阿尾奢法	1	唐	不空		譯			唐 不空譯
21	1278	迦樓羅及諸天密言經	1	唐	般若力		譯			唐 般若力譯
21	1279	摩醯首羅天法要	1							
21	1280	摩醯首羅大自在天王神通化生伎藝天女念誦法	1							
21	1281	那羅延天共阿修羅王鬪戰法	1	唐	寶思惟		譯			唐 寶思惟譯
21	1282	寶藏天女陀羅尼法	1							
21	1283	佛說寶藏神大明曼拏羅儀軌經	2	宋	法天		譯			宋 法天譯
21	1284	佛說聖寶藏神儀軌經	2	宋	法天		譯			宋 法天譯
21	1285	佛說寶賢陀羅尼經	1	宋	法賢		譯			宋 法賢譯
21	1286	堅牢地天儀軌	1	唐	善無畏		譯			唐 善無畏譯
21	1287	大黑天神法	1	唐	神愷		記			唐 神愷記
21	1288	佛說最上祕密那拏天經	3	宋	法賢		譯			宋 法賢譯
21	1289	佛說金毘羅童子威德經	1	唐	不空		譯			唐 不空譯
21	1290	焰羅王供行法次第	1	唐	阿謨伽		撰			唐 阿謨伽撰
21	1291	深沙大將儀軌	1	唐	不空		譯			唐 不空譯
21	1292	法華十羅剎法	1							
21	1293	般若守護十六善神王形體	1	唐	金剛智		譯			唐 金剛智譯
21	1294	施八方天儀則	1							
21	1295	供養護世八天法	1	唐	法全		集			唐 法全集
21	1296	十天儀軌	1							
21	1297	供養十二大威德天報恩品	1	唐	不空		譯			唐 不空譯
21	1298	十二天供儀軌	1							
21	1299	文殊師利菩薩及諸仙所說吉凶時日善惡宿曜經	2	唐	不空		譯			唐 不空譯
21	1300	摩登伽經	2	吳	竺律炎支謙共		譯			吳 竺律炎支謙共譯
21	1301	舍頭諫太子二十八宿經	1	西晉	竺法護		譯			西晉 竺法護譯
21	1302	諸星母陀羅尼經	1	唐	法成		譯			唐 法成譯
21	1303	佛說聖曜母陀羅尼經	1	宋	法天		譯			宋 法天譯
21	1304	宿曜儀軌	1	唐	一行		撰			唐 一行撰
21	1305	北斗七星念誦儀軌	1	唐	金剛智		譯			唐 金剛智譯
21	1306	北斗七星護摩祕要儀軌	1	唐	不空		述			唐 不空述
21	1307	佛說北斗七星延命經	1							
21	1308	七曜攘災決	2	唐	金俱吒		撰			唐 金俱吒撰
21	1309	七曜星辰別行法	1	唐	一行		撰			唐 一行撰
21	1310	北斗七星護摩法	1	唐	一行		撰			唐 一行撰
21	1311	梵天火羅九曜	1	唐	一行		述			唐 一行述
21	1312	難儞計濕嚩囉天說支輪經	1	宋	法賢		譯			宋 法賢譯
21	1313	佛說救拔焰口餓鬼陀羅尼經	1	唐	不空		譯			唐 不空譯
21	1314	佛說救面然餓鬼陀羅尼神呪經	1	唐	實叉難陀		譯			唐 實叉難陀譯
21	1315	施諸餓鬼飲食及水法	1	唐	不空		譯			唐 不空譯
21	1316	佛說甘露經陀羅尼呪	1	唐	實叉難陀		譯			唐 實叉難陀譯
21	1317	甘露陀羅尼呪	1	唐	實叉難陀		譯			唐 實叉難陀譯
21	1318	瑜伽集要救阿難陀羅尼焰口軌儀經	1	唐	不空		譯			唐 不空譯
21	1319	瑜伽集要焰口施食起教阿難陀緣由	1	唐	不空		譯			唐 不空譯
21	1320	瑜伽集要焰口施食儀	1							
21	1321	佛說施餓鬼甘露味大陀羅尼經	1	唐	跋馱木阿		譯			唐 跋馱木阿譯
21	1322	新集浴像儀軌	1	唐	慧琳		述			唐 慧琳述
21	1323	除一切疾病陀羅尼經	1	唐	不空		譯			唐 不空譯
21	1324	能淨一切眼疾病陀羅尼經	1	唐	不空		譯			唐 不空譯
21	1325	佛說療痔病經	1	唐	義淨		譯			唐 義淨譯
21	1326	佛說呪時氣病經	1	東晉	曇無蘭		譯			東晉 曇無蘭譯
21	1327	佛說呪齒經	1	東晉	曇無蘭		譯			東晉 曇無蘭譯
21	1328	佛說呪目經	1	東晉	曇無蘭		譯			東晉 曇無蘭譯
21	1329	佛說呪小兒經	1	東晉	曇無蘭		譯			東晉 曇無蘭譯
21	1330	囉嚩拏說救療小兒疾病經	1	宋	法賢		譯			宋 法賢譯
21	1331	佛說灌頂經	12	東晉	帛尸梨蜜多羅		譯			東晉 帛尸梨蜜多羅譯
21	1332	七佛八菩薩所說大陀羅尼神呪經	4		失		譯			失譯
21	1333	虛空藏菩薩問七佛陀羅尼呪經	1		失		譯			失譯
21	1334	如來方便善巧呪經	1	隋	闍那崛多		譯			隋 闍那崛多譯
21	1335	大吉義神呪經	4	元魏	曇曜		譯			元魏 曇曜譯
21	1336	陀羅尼雜集	10		失		譯			失譯
21	1337	種種雜呪經	1	北周	闍那崛多		譯			北周 闍那崛多譯
21	1338	呪三首經	1	唐	地婆訶羅		譯			唐 地婆訶羅譯
21	1339	大方等陀羅尼經	4	北涼	法眾		譯			北涼 法眾譯
21	1340	大法炬陀羅尼經	20	隋	闍那崛多		譯			隋 闍那崛多譯
21	1341	大威德陀羅尼經	20	隋	闍那崛多		譯			隋 闍那崛多譯
21	1342	佛說無崖際總持法門經	1	西秦	聖堅		譯			西秦 聖堅譯
21	1343	尊勝菩薩所問一切諸法入無量門陀羅尼經	1	北齊	萬天懿		譯			北齊 萬天懿譯
21	1344	金剛上味陀羅尼經	1	元魏	佛陀扇多		譯			元魏 佛陀扇多譯
21	1345	金剛場陀羅尼經	1	隋	闍那崛多		譯			隋 闍那崛多譯
21	1346	諸佛集會陀羅尼經	1	唐	提雲般若等		譯			唐 提雲般若等譯
21	1347	息除中夭陀羅尼經	1	宋	施護		譯			宋 施護譯
21	1348	佛說十二佛名神呪校量功德除障滅罪經	1	隋	闍那崛多		譯			隋 闍那崛多譯
21	1349	佛說稱讚如來功德神呪經	1	唐	義淨		譯			唐 義淨譯
21	1350	佛說一切如來名號陀羅尼經	1	宋	法賢		譯			宋 法賢譯
21	1351	佛說持句神呪經	1	吳	支謙		譯			吳 支謙譯
21	1352	佛說陀隣尼鉢經	1	東晉	曇無蘭		譯			東晉 曇無蘭譯
21	1353	東方最勝燈王陀羅尼經	1	隋	闍那崛多		譯			隋 闍那崛多譯
21	1354	東方最勝燈王如來經	1	隋	闍那崛多等		譯			隋 闍那崛多等譯
21	1355	佛說聖最上燈明如來陀羅尼經	1	宋	施護		譯			宋 施護譯
21	1356	佛說華積陀羅尼神呪經	1	吳	支謙		譯			吳 支謙譯
21	1357	佛說師子奮迅菩薩所問經	1		失		譯			失譯
21	1358	佛說花聚陀羅尼呪經	1		失		譯			失譯
21	1359	佛說花積樓閣陀羅尼經	1	宋	施護		譯			宋 施護譯
21	1360	六門陀羅尼經	1	唐	玄奘		譯			唐 玄奘譯
21	1361	六門陀羅尼經論	1		世親菩薩		造			世親菩薩造
21	1362	佛說善夜經	1	唐	義淨		譯			唐 義淨譯
21	1363	勝幢臂印陀羅尼經	1	唐	玄奘		譯			唐 玄奘譯
21	1364	妙臂印幢陀羅尼經	1	唐	實叉難陀		譯			唐 實叉難陀譯
21	1365	八名普密陀羅尼經	1	唐	玄奘		譯			唐 玄奘譯
21	1366	佛說祕密八名陀羅尼經	1	宋	法賢		譯			宋 法賢譯
21	1367	佛說大普賢陀羅尼經	1		失		譯			失譯
21	1368	佛說大七寶陀羅尼經	1		失		譯			失譯
21	1369a	百千印陀羅尼經	1	唐	實叉難陀		譯			唐 實叉難陀譯
21	1369b	百千印陀羅尼經	1	唐	實叉難陀		譯			唐 實叉難陀譯
21	1370	佛說持明藏八大總持王經	1	宋	施護		譯			宋 施護譯
21	1371	佛說聖大總持王經	1	宋	施護		譯			宋 施護譯
21	1372	增慧陀羅尼經	1	宋	施護		譯			宋 施護譯
21	1373	佛說施一切無畏陀羅尼經	1	宋	施護等		譯			宋 施護等譯
21	1374	佛說一切功德莊嚴王經	1	唐	義淨		譯			唐 義淨譯
21	1375	佛說莊嚴王陀羅尼呪經	1	唐	義淨		譯			唐 義淨譯
21	1376	佛說聖莊嚴陀羅尼經	2	宋	施護		譯			宋 施護譯
21	1377	佛說寶帶陀羅尼經	1	宋	施護		譯			宋 施護譯
21	1378a	佛說玄師颰陀所說神呪經	1	東晉	曇無蘭		譯			東晉 曇無蘭譯
21	1378b	幻師颰陀神呪經	1	東晉	曇無蘭		譯			東晉 曇無蘭譯
21	1379	佛說大愛陀羅尼經	1	宋	法賢		譯			宋 法賢譯
21	1380	佛說善樂長者經	1	宋	法賢		譯			宋 法賢譯
21	1381	佛說大吉祥陀羅尼經	1	宋	法賢		譯			宋 法賢譯
21	1382	佛說宿命智陀羅尼	1	宋	法賢		譯			宋 法賢譯
21	1383	佛說宿命智陀羅尼經	1	宋	法賢		譯			宋 法賢譯
21	1384	佛說鉢蘭那賒嚩哩大陀羅尼經	1	宋	法賢		譯			宋 法賢譯
21	1385	佛說俱枳羅陀羅尼經	1	宋	法賢		譯			宋 法賢譯
21	1386	佛說妙色陀羅尼經	1	宋	法賢		譯			宋 法賢譯
21	1387	佛說栴檀香身陀羅尼經	1	宋	法賢		譯			宋 法賢譯
21	1388	佛說無畏陀羅尼經	1	宋	法賢		譯			宋 法賢譯
21	1389	佛說無量壽大智陀羅尼	1	宋	法賢		譯			宋 法賢譯
21	1390	佛說洛叉陀羅尼經	1	宋	法賢		譯			宋 法賢譯
21	1391	佛說檀特羅麻油述經	1	東晉	曇無蘭		譯			東晉 曇無蘭譯
21	1392	大寒林聖難拏陀羅尼經	1	宋	法天		譯			宋 法天譯
21	1393	佛說摩尼羅亶經	1	東晉	曇無蘭		譯			東晉 曇無蘭譯
21	1394	佛說安宅神呪經	1		失		譯			失譯
21	1395	拔濟苦難陀羅尼經	1	唐	玄奘		譯			唐 玄奘譯
21	1396	佛說拔除罪障呪王經	1	唐	義淨		譯			唐 義淨譯
21	1397	智炬陀羅尼經	1	唐	提雲般若等		譯			唐 提雲般若等譯
21	1398	佛說智光滅一切業障陀羅尼經	1	宋	施護		譯			宋 施護譯
21	1399	佛說滅除五逆罪大陀羅尼經	1	宋	法賢		譯			宋 法賢譯
21	1400	佛說消除一切災障寶髻陀羅尼經	1	宋	法賢		譯			宋 法賢譯
21	1401	佛說大金剛香陀羅尼經	1	宋	施護		譯			宋 施護譯
21	1402	消除一切閃電障難隨求如意陀羅尼經	1	宋	施護		譯			宋 施護譯
21	1403	佛說如意摩尼陀羅尼經	1	宋	施護		譯			宋 施護譯
21	1404	佛說如意寶總持王經	1	宋	施護		譯			宋 施護譯
21	1405	佛說息除賊難陀羅尼經	1	宋	法賢		譯			宋 法賢譯
21	1406	佛說辟除賊害呪經	1							
21	1407	佛說辟除諸惡陀羅尼經	1	宋	法賢		譯			宋 法賢譯
21	1408	佛說最上意陀羅尼經	1	宋	施護		譯			宋 施護譯
21	1409	佛說聖最勝陀羅尼經	1	宋	施護		譯			宋 施護譯
21	1410	佛說勝幡瓔珞陀羅尼經	1	宋	施護		譯			宋 施護譯
21	1411	佛說蓮華眼陀羅尼經	1	宋	施護		譯			宋 施護譯
21	1412	佛說寶生陀羅尼經	1	宋	施護		譯			宋 施護譯
21	1413	佛說尊勝大明王經	1	宋	施護		譯			宋 施護譯
21	1414	佛說金身陀羅尼經	1	宋	施護		譯			宋 施護譯
21	1415	大金剛妙高山樓閣陀羅尼	1	宋	施護		譯			宋 施護譯
21	1416	金剛摧碎陀羅尼	1	宋	慈賢		譯			宋 慈賢譯
21	1417	佛說壞相金剛陀羅尼經	1	元	沙囉巴		譯			元 沙囉巴譯
21	1418	佛說一切如來安像三昧儀軌經	1	宋	施護		譯			宋 施護譯
21	1419	佛說造像量度經解	1	清	工布查布譯		解			清 工布查布譯解
21	1420	龍樹五明論	2							
22	1421	彌沙塞部和醯五分律	30	劉宋	佛陀什共竺道生等		譯			劉宋 佛陀什共竺道生等譯
22	1422a	彌沙塞五分戒本	1	劉宋	佛陀什等		譯			劉宋 佛陀什等譯
22	1422b	五分戒本	1	劉宋	佛陀什等		譯			劉宋 佛陀什等譯
22	1423	五分比丘尼戒本	1	梁	明徽		集			梁 明徽集
22	1424	彌沙塞羯磨本	1	唐	愛同		錄			唐 愛同錄
22	1425	摩訶僧祇律	40	東晉	佛陀跋陀羅共法顯		譯			東晉 佛陀跋陀羅共法顯譯
22	1426	摩訶僧祇律大比丘戒本	1	東晉	佛陀跋陀羅		譯			東晉 佛陀跋陀羅譯
22	1427	摩訶僧祇比丘尼戒本	1	東晉	法顯共覺賢		譯			東晉 法顯共覺賢譯
22	1428	四分律	60	姚秦	佛陀耶舍共竺佛念等		譯			姚秦 佛陀耶舍共竺佛念等譯
22	1429	四分律比丘戒本	1	後秦	佛陀耶舍		譯			後秦 佛陀耶舍譯
22	1430	四分僧戒本	1	後秦	佛陀耶舍		譯			後秦 佛陀耶舍譯
22	1431	四分比丘尼戒本	1	後秦	佛陀耶舍		譯			後秦 佛陀耶舍譯
22	1432	曇無德律部雜羯磨	1	曹魏	康僧鎧		譯			曹魏 康僧鎧譯
22	1433	羯磨	1	曹魏	曇諦		譯			曹魏 曇諦譯
22	1434	四分比丘尼羯磨法	1	劉宋	求那跋摩		譯			劉宋 求那跋摩譯
23	1435	十誦律	61	後秦	弗若多羅共羅什		譯			後秦 弗若多羅共羅什譯
23	1436	十誦比丘波羅提木叉戒本	1	姚秦	鳩摩羅什		譯			姚秦 鳩摩羅什譯
23		十誦比丘波羅提木叉戒本	1							劉宋 法顯集出
23	1438	大沙門百一羯磨法	1							
23		大沙門百一羯磨法	1							劉宋 僧璩撰出
23	1440	薩婆多毘尼毘婆沙	9		失		譯			失譯
23	1441	薩婆多部毘尼摩得勒伽	10	劉宋	僧伽跋摩		譯			劉宋 僧伽跋摩譯
23	1442	根本說一切有部毘奈耶	50	唐	義淨		譯			唐 義淨譯
23	1443	根本說一切有部苾芻尼毘奈耶	20	唐	義淨		譯			唐 義淨譯
23	1444	根本說一切有部毘奈耶出家事	4	唐	義淨		譯			唐 義淨譯
23	1445	根本說一切有部毘奈耶安居事	1	唐	義淨		譯			唐 義淨譯
23	1446	根本說一切有部毘奈耶隨意事	1	唐	義淨		譯			唐 義淨譯
23	1447	根本說一切有部毘奈耶皮革事	2	唐	義淨		譯			唐 義淨譯
24	1448	根本說一切有部毘奈耶藥事	18	唐	義淨		譯			唐 義淨譯
24	1449	根本說一切有部毘奈耶羯恥那衣事	1	唐	義淨		譯			唐 義淨譯
24	1450	根本說一切有部毘奈耶破僧事	20	唐	義淨		譯			唐 義淨譯
24	1451	根本說一切有部毘奈耶雜事	40	唐	義淨		譯			唐 義淨譯
24	1452	根本說一切有部尼陀那目得迦	10	唐	義淨		譯			唐 義淨譯
24	1453	根本說一切有部百一羯磨	10	唐	義淨		譯			唐 義淨譯
24	1454	根本說一切有部戒經	1	唐	義淨		譯			唐 義淨譯
24	1455	根本說一切有部苾芻尼戒經	1	唐	義淨		譯			唐 義淨譯
24	1456	根本說一切有部毘奈耶尼陀那目得迦攝頌	1	唐	義淨		譯			唐 義淨譯
24	1457	根本說一切有部略毘奈耶雜事攝頌	1	唐	義淨		譯			唐 義淨譯
24	1458	根本薩婆多部律攝	14	唐	義淨	尊者勝友	譯	造		尊者勝友造 唐 義淨譯
24	1459	根本說一切有部毘奈耶頌	3	唐	義淨	尊者毘舍佉	譯	造		尊者毘舍佉造 唐 義淨譯
24	1460	解脫戒經	1	元魏	般若流支		譯			元魏 般若流支譯
24	1461	律二十二明了論	1	陳	真諦	弗陀多羅多	譯	造		弗陀多羅多造 陳 真諦譯
24	1462	善見律毘婆沙	18	蕭齊	僧伽跋陀羅		譯			蕭齊 僧伽跋陀羅譯
24	1463	毘尼母經	8		失		譯			失譯
24	1464	鼻奈耶	10	姚秦	竺佛念		譯			姚秦 竺佛念譯
24	1465	舍利弗問經	1		失		譯			失譯
24	1466	優波離問佛經	1	宋	求那跋摩		譯			宋 求那跋摩譯
24	1467a	佛說犯戒罪報輕重經	1	後漢	安世高		譯			後漢 安世高譯
24	1467b	佛說犯戒罪報輕重經	1							
24	1468	佛說目連所問經	1	宋	法天		譯			宋 法天譯
24	1469	佛說迦葉禁戒經	1	宋	沮渠京聲		譯			宋 沮渠京聲譯
24	1470	大比丘三千威儀	2	後漢	安世高		譯			後漢 安世高譯
24	1471	沙彌十戒法并威儀	1		失		譯			失譯
24	1472	沙彌威儀	1	宋	求那跋摩		譯			宋 求那跋摩譯
24	1473	佛說沙彌十戒儀則經	1	宋	施護		譯			宋 施護譯
24	1474	沙彌尼戒經	1		失		譯			失譯
24	1475	沙彌尼離戒文	1		失		譯			失譯
24	1476	佛說優婆塞五戒相經	1	宋	求那跋摩		譯			宋 求那跋摩譯
24	1477	佛說戒消災經	1	吳	支謙		譯			吳 支謙譯
24	1478	大愛道比丘尼經	2		失		譯			失譯
24	1479	佛說苾芻五法經	1	宋	法天		譯			宋 法天譯
24	1480	佛說苾芻迦尸迦十法經	1	宋	法天		譯			宋 法天譯
24	1481	佛說五恐怖世經	1	宋	沮渠京聲		譯			宋 沮渠京聲譯
24	1482	佛阿毘曇經出家相品	2	陳	真諦		譯			陳 真諦譯
24	1483a	佛說目連問戒律中五百輕重事	1		失		譯			失譯
24	1483b	佛說目連問戒律中五百輕重事經	2		失		譯			失譯
24	1484	梵網經	2	後秦	鳩摩羅什		譯			後秦 鳩摩羅什譯
24	1485	菩薩瓔珞本業經	2	姚秦	竺佛念		譯			姚秦 竺佛念譯
24	1486	受十善戒經	1		失		譯			失譯
24	1487	佛說菩薩內戒經	1	宋	求那跋摩		譯			宋 求那跋摩譯
24	1488	優婆塞戒經	7	北涼	曇無讖		譯			北涼 曇無讖譯
24	1489	清淨毘尼方廣經	1	後秦	鳩摩羅什		譯			後秦 鳩摩羅什譯
24	1490	寂調音所問經	1	宋	法海		譯			宋 法海譯
24	1491	菩薩藏經	1	梁	僧伽婆羅		譯			梁 僧伽婆羅譯
24	1492	佛說舍利弗悔過經	1	後漢	安世高		譯			後漢 安世高譯
24	1493	大乘三聚懺悔經	1	隋	闍那崛多共笈多等		譯			隋 闍那崛多共笈多等譯
24	1494	佛說淨業障經	1		失		譯			失譯
24	1495	善恭敬經	1	隋	闍那崛多		譯			隋 闍那崛多譯
24	1496	佛說正恭敬經	1	元魏	佛陀扇多		譯			元魏 佛陀扇多譯
24	1497	佛說大乘戒經	1	宋	施護		譯			宋 施護譯
24	1498	佛說八種長養功德經	1	宋	法護等		譯			宋 法護等譯
24	1499	菩薩戒羯磨文	1	唐	玄奘	彌勒菩薩	譯	說		彌勒菩薩說 唐 玄奘譯
24	1500	菩薩戒本	1	北涼	曇無讖	慈氏菩薩	譯	說		慈氏菩薩說 北涼 曇無讖譯
24	1501	菩薩戒本	1	唐	玄奘	彌勒菩薩	譯	說		彌勒菩薩說 唐 玄奘譯
24	1502	菩薩受齋經	1	西晉	聶道真		譯			西晉 聶道真譯
24	1503	優婆塞五戒威儀經	1	宋	求那跋摩		譯			宋 求那跋摩譯
24	1504	菩薩五法懺悔文	1		失		譯			失譯
25	1505	四阿鋡暮抄解	2	符秦	鳩摩羅佛提等	婆素跋陀	譯	造		婆素跋陀造 符秦 鳩摩羅佛提等譯
25	1506	三法度論	3	東晉	僧伽提婆		譯			東晉 僧伽提婆譯
25	1507	分別功德論	5		失譯附後漢		錄			失譯附後漢錄
25	1508	阿含口解十二因緣經	1	後漢	安玄共嚴佛調		譯			後漢 安玄共嚴佛調譯
25	1509	大智度論	100	後秦	鳩摩羅什	龍樹菩薩	譯	造		龍樹菩薩造 後秦 鳩摩羅什譯
25	1510a	金剛般若論	2	隋	達磨笈多	無著菩薩	譯	造		無著菩薩造 隋 達磨笈多譯
25	1510b	金剛般若波羅蜜經論	3	隋	達磨笈多	無著菩薩	譯	造		無著菩薩造 隋 達磨笈多譯
25	1511	金剛般若波羅蜜經論	3	元魏	菩提流支	天親菩薩	譯	造		天親菩薩造 元魏 菩提流支譯
25	1512	金剛仙論	10	元魏	菩提流支	世親菩薩	譯	造	金剛仙論師	世親菩薩造 金剛仙論師釋 元魏 菩提流支譯
25	1513	能斷金剛般若波羅蜜多經論釋	3	唐	義淨	無著菩薩造	譯	頌	世親菩薩	無著菩薩造頌 世親菩薩釋 唐 義淨譯
25	1514	能斷金剛般若波羅蜜多經論頌	1	唐	義淨	無著菩薩	譯	造		無著菩薩造 唐 義淨譯
25	1515	金剛般若波羅蜜經破取著不壞假名論	2	唐	地婆訶羅等	功德施菩薩	譯	造		功德施菩薩造 唐 地婆訶羅等譯
25	1516	聖佛母般若波羅蜜多九頌精義論	2	宋	法護等	勝德赤衣菩薩	譯	造		勝德赤衣菩薩造 宋 法護等譯
25	1517	佛母般若波羅蜜多圓集要義釋論	4	宋	施護等	三寶尊菩薩	譯	造	大域龍菩薩造本	三寶尊菩薩造 大域龍菩薩造本論 宋 施護等譯
25	1518	佛母般若波羅蜜多圓集要義論	1	宋	施護等	大域龍菩薩	譯	造		大域龍菩薩造 宋 施護等譯
26	1519	妙法蓮華經憂波提舍	2	後魏	菩提留支共曇林等	大乘論師婆藪槃豆	譯	釋		大乘論師婆藪槃豆釋 後魏 菩提留支共曇林等譯
26	1520	妙法蓮華經論優波提舍	1	元魏	勒那摩提共僧朗等	婆藪般豆菩薩	譯	造		婆藪般豆菩薩造 元魏 勒那摩提共僧朗等譯
26	1521	十住毘婆沙論	17	後秦	鳩摩羅什	聖者龍樹	譯	造		聖者龍樹造 後秦 鳩摩羅什譯
26	1522	十地經論	12	後魏	菩提流支等	天親菩薩	譯	造		天親菩薩造 後魏 菩提流支等譯
26	1523	大寶積經論	4	後魏	菩提流支		譯			後魏 菩提流支譯
26	1524	無量壽經優波提舍	1	元魏	菩提流支	婆藪槃豆菩薩	譯	造		婆藪槃豆菩薩造 元魏 菩提流支譯
26	1525	彌勒菩薩所問經論	9	後魏	菩提流支		譯			後魏 菩提流支譯
26	1526	寶髻經四法憂波提舍	1	元魏	毘目智仙	天親菩薩	譯	造		天親菩薩造 元魏 毘目智仙譯
26	1527	涅槃論	1	元魏	達磨菩提	婆藪槃豆	譯	作		婆藪槃豆作 元魏 達磨菩提譯
26	1528	涅槃經本有今無偈論	1	陳	真諦	天親菩薩	譯	造		天親菩薩造 陳 真諦譯
26	1529	遺教經論	1	陳	真諦	天親菩薩	譯	造		天親菩薩造 陳 真諦譯
26	1530	佛地經論	7	唐	玄奘	親光菩薩等	譯	造		親光菩薩等造 唐 玄奘譯
26	1531	文殊師利菩薩問菩提經論	2	元魏	菩提流支	天親菩薩	譯	造		天親菩薩造 元魏 菩提流支譯
26	1532	勝思惟梵天所問經論	4	後魏	菩提流支	天親菩薩	譯	造		天親菩薩造 後魏 菩提流支譯
26	1533	轉法輪經憂波提舍	1	元魏	毘目智仙	天親菩薩	譯	造		天親菩薩造 元魏 毘目智仙譯
26	1534	三具足經憂波提舍	1	元魏	毘目智仙		譯			元魏 毘目智仙譯
26	1535	大乘四法經釋	1							
26	1536	阿毘達磨集異門足論	20	唐	玄奘	尊者舍利子	譯	說		尊者舍利子說 唐 玄奘譯
26	1537	阿毘達磨法蘊足論	12	唐	玄奘	尊者大目乾連	譯	造		尊者大目乾連造 唐 玄奘譯
26	1538	施設論	7	宋	法護等		譯			宋 法護等譯
26	1539	阿毘達磨識身足論	16	唐	玄奘	提婆設摩	譯	造		提婆設摩造 唐 玄奘譯
26	1540	阿毘達磨界身足論	3	唐	玄奘	尊者世友	譯	造		尊者世友造 唐 玄奘譯
26	1541	眾事分阿毘曇論	12	宋	求那跋陀羅共菩提耶舍	尊者世友	譯	造		尊者世友造 宋 求那跋陀羅共菩提耶舍譯
26	1542	阿毘達磨品類足論	18	唐	玄奘	尊者世友	譯	造		尊者世友造 唐 玄奘譯
26	1543	阿毘曇八犍度論	30	符秦	僧伽提婆共竺佛念	迦栴延子	譯	造		迦栴延子造 符秦 僧伽提婆共竺佛念譯
26	1544	阿毘達磨發智論	20	唐	玄奘	迦多衍尼子	譯	造		迦多衍尼子造 唐 玄奘譯
27	1545	阿毘達磨大毘婆沙論	200	唐	玄奘	五百大阿羅漢等	譯	造		五百大阿羅漢等造 唐 玄奘譯
28	1546	阿毘曇毘婆沙論	60	北涼	浮陀跋摩共道泰等	迦旃延子	譯	造	五百羅漢	迦旃延子造 五百羅漢釋 北涼 浮陀跋摩共道泰等譯
28	1547	鞞婆沙論	14	符秦	僧伽跋澄	尸陀槃尼	譯	撰		尸陀槃尼撰 符秦 僧伽跋澄譯
28	1548	舍利弗阿毘曇論	30	姚秦	曇摩耶舍共曇摩崛多等		譯			姚秦 曇摩耶舍共曇摩崛多等譯
28	1549	尊婆須蜜菩薩所集論	10	符秦	僧伽跋澄等	尊婆須蜜	譯	造		尊婆須蜜造 符秦 僧伽跋澄等譯
28	1550	阿毘曇心論	4	晉	僧迦提婆共慧遠等	尊者法勝	譯	造		尊者法勝造 晉 僧迦提婆共慧遠等譯
28	1551	阿毘曇心論經	6	高齊	那連提耶舍	法勝	譯	論	優波扇多	法勝論 優波扇多釋 高齊 那連提耶舍譯
28	1552	雜阿毘曇心論	11	宋	僧伽跋摩等	尊者法救	譯	造		尊者法救造 宋 僧伽跋摩等譯
28	1553	阿毘曇甘露味論	2	尊者瞿沙造	失		譯			尊者瞿沙造 失譯
28	1554	入阿毘達磨論	2	唐	玄奘	塞建陀羅	譯	造		塞建陀羅造 唐 玄奘譯
28	1555	五事毘婆沙論	2	唐	玄奘	尊者法救	譯	造		尊者法救造 唐 玄奘譯
28	1556	薩婆多宗五事論	1	唐	法成		譯			唐 法成譯
28	1557	阿毘曇五法行經	1	後漢	安世高		譯			後漢 安世高譯
29	1558	阿毘達磨俱舍論	30	唐	玄奘	尊者世親	譯	造		尊者世親造 唐 玄奘譯
29	1559	阿毘達磨俱舍釋論	22	陳	真諦	婆藪盤豆	譯	造		婆藪盤豆造 陳 真諦譯
29	1560	阿毘達磨俱舍論本頌	1	唐	玄奘	世親菩薩	譯	造		世親菩薩造 唐 玄奘譯
29	1561	俱舍論實義疏	5		尊者安惠		造			尊者安惠造
29	1562	阿毘達磨順正理論	80	唐	玄奘	尊者眾賢	譯	造		尊者眾賢造 唐 玄奘譯
29	1563	阿毘達磨藏顯宗論	40	唐	玄奘	尊者眾賢	譯	造		尊者眾賢造 唐 玄奘譯
30	1564	中論	4	姚秦	鳩摩羅什	龍樹菩薩	譯	造	梵志青目	龍樹菩薩造 梵志青目釋 姚秦 鳩摩羅什譯
30	1565	順中論	2	元魏	瞿曇般若流支	龍樹菩薩	譯	造	無著菩薩	龍樹菩薩造 無著菩薩釋 元魏 瞿曇般若流支譯
30	1566	般若燈論釋	15	唐	波羅頗蜜多羅	龍樹菩薩	譯	偈本	分別明菩薩	偈本龍樹菩薩 釋論分別明菩薩 唐 波羅頗蜜多羅譯
30	1567	大乘中觀釋論(第1卷-第9卷)	9	宋	惟淨等	安慧菩薩	譯	造		安慧菩薩造 宋 惟淨等譯
30	1568	十二門論	1	姚秦	鳩摩羅什	龍樹菩薩	譯	造		龍樹菩薩造 姚秦 鳩摩羅什譯
30	1569	百論	2	姚秦	鳩摩羅什	提婆菩薩	譯	造	婆藪開士	提婆菩薩造 婆藪開士釋 姚秦 鳩摩羅什譯
30	1570	廣百論本	1	唐	玄奘	聖天菩薩	譯	造		聖天菩薩造 唐 玄奘譯
30	1571	大乘廣百論釋論	10	唐	玄奘	聖天菩薩	譯	本	護法菩薩	聖天菩薩本 護法菩薩釋 唐 玄奘譯
30	1572	百字論	1	後魏	菩提流支	提婆菩薩	譯	造		提婆菩薩造 後魏 菩提流支譯
30	1573	壹輸盧迦論	1	後魏	瞿曇般若留支	龍樹菩薩	譯	造		龍樹菩薩造 後魏 瞿曇般若留支譯
30	1574	大乘破有論	1	宋	施護	龍樹菩薩	譯	造		龍樹菩薩造 宋 施護譯
30	1575	六十頌如理論	1	宋	施護	龍樹菩薩	譯	造		龍樹菩薩造 宋 施護譯
30	1576	大乘二十頌論	1	宋	施護	龍樹菩薩	譯	造		龍樹菩薩造 宋 施護譯
30	1577	大丈夫論	2	北涼	道泰	提婆羅菩薩	譯	造		提婆羅菩薩造 北涼 道泰譯
30	1578	大乘掌珍論	2	唐	玄奘	清辯菩薩	譯	造		清辯菩薩造 唐 玄奘譯
30	1579	瑜伽師地論	100	唐	玄奘	彌勒菩薩	譯	說		彌勒菩薩說 唐 玄奘譯
30	1580	瑜伽師地論釋	1	唐	玄奘	最勝子等	譯	造		最勝子等造 唐 玄奘譯
30	1581	菩薩地持經	10	北涼	曇無讖		譯			北涼 曇無讖譯
30	1582	菩薩善戒經	9	劉宋	求那跋摩		譯			劉宋 求那跋摩譯
30	1583	菩薩善戒經	1	劉宋	求那跋摩		譯			劉宋 求那跋摩譯
30	1584	決定藏論	3	梁	真諦		譯			梁 真諦譯
31	1585	成唯識論	10	唐	玄奘	護法等菩薩	譯	造		護法等菩薩造 唐 玄奘譯
31	1586	唯識三十論頌	1	唐	玄奘	世親菩薩	譯	造		世親菩薩造 唐 玄奘譯
31	1587	轉識論	1	陳	真諦		譯			陳 真諦譯
31	1588	唯識論	1	後魏	瞿曇般若流支	天親菩薩	譯	造		天親菩薩造 後魏 瞿曇般若流支譯
31	1589	大乘唯識論	1	陳	真諦	天親菩薩	譯	造		天親菩薩造 陳 真諦譯
31	1590	唯識二十論	1	唐	玄奘	世親菩薩	譯	造		世親菩薩造 唐 玄奘譯
31	1591	成唯識寶生論	5	唐	義淨	護法菩薩	譯	造		護法菩薩造 唐 義淨譯
31	1592	攝大乘論	2	後魏	佛陀扇多	阿僧伽	譯	作		阿僧伽作 後魏 佛陀扇多譯
31	1593	攝大乘論	3	陳	真諦	無著菩薩	譯	造		無著菩薩造 陳 真諦譯
31	1594	攝大乘論本	3	唐	玄奘	無著菩薩	譯	造		無著菩薩造 唐 玄奘譯
31	1595	攝大乘論釋	15	陳	真諦	世親菩薩	譯	釋		世親菩薩釋 陳 真諦譯
31	1596	攝大乘論釋論	10	隋	笈多共行矩等	世親菩薩	譯	造		世親菩薩造 隋 笈多共行矩等譯
31	1597	攝大乘論釋	10	唐	玄奘	世親菩薩	譯	造		世親菩薩造 唐 玄奘譯
31	1598	攝大乘論釋	10	唐	玄奘	無性菩薩	譯	造		無性菩薩造 唐 玄奘譯
31	1599	中邊分別論	2	陳	真諦	天親菩薩	譯	造		天親菩薩造 陳 真諦譯
31	1600	辯中邊論	3	唐	玄奘	世親菩薩	譯	造		世親菩薩造 唐 玄奘譯
31	1601	辯中邊論頌	1	唐	玄奘	彌勒菩薩	譯	說		彌勒菩薩說 唐 玄奘譯
31	1602	顯揚聖教論	20	唐	玄奘	無著菩薩	譯	造		無著菩薩造 唐 玄奘譯
31	1603	顯揚聖教論頌	1	唐	玄奘	無著菩薩	譯	造		無著菩薩造 唐 玄奘譯
31	1604	大乘莊嚴經論	13	唐	波羅頗蜜多羅	無著菩薩	譯	造		無著菩薩造 唐 波羅頗蜜多羅譯
31	1605	大乘阿毘達磨集論	7	唐	玄奘	無著菩薩	譯	造		無著菩薩造 唐 玄奘譯
31	1606	大乘阿毘達磨雜集論	16	唐	玄奘	安慧菩薩	譯	糅		安慧菩薩糅 唐 玄奘譯
31	1607	六門教授習定論	1	唐	義淨	無著	譯	本	世親	無著本 世親釋 唐 義淨譯
31	1608	業成就論	1	元魏	毘目智仙	天親菩薩	譯	造		天親菩薩造 元魏 毘目智仙譯
31	1609	大乘成業論	1	唐	玄奘	世親菩薩	譯	造		世親菩薩造 唐 玄奘譯
31	1610	佛性論	4	陳	真諦	天親菩薩	譯	造		天親菩薩造 陳 真諦譯
31	1611	究竟一乘寶性論	4	後魏	勒那摩提		譯			後魏 勒那摩提譯
31	1612	大乘五蘊論	1	唐	玄奘	世親菩薩	譯	造		世親菩薩造 唐 玄奘譯
31	1613	大乘廣五蘊論	1	唐	地婆訶羅	安慧菩薩	譯	造		安慧菩薩造 唐 地婆訶羅譯
31	1614	大乘百法明門論	1	唐	玄奘	天親菩薩	譯	造		天親菩薩造 唐 玄奘譯
31	1615	王法正理論	1	唐	玄奘	彌勒菩薩	譯	造		彌勒菩薩造 唐 玄奘譯
31	1616	十八空論	1	陳	真諦	龍樹菩薩	譯	造		龍樹菩薩造 陳 真諦譯
31	1617	三無性論	2	陳	真諦		譯			陳 真諦譯
31	1618	顯識論	1	陳	真諦		譯			陳 真諦譯
31	1619	無相思塵論	1	陳	真諦	陳那菩薩	譯	造		陳那菩薩造 陳 真諦譯
31	1620	解捲論	1	陳	真諦	陳那菩薩	譯	造		陳那菩薩造 陳 真諦譯
31	1621	掌中論	1	唐	義淨	陳那菩薩	譯	造		陳那菩薩造 唐 義淨譯
31	1622	取因假設論	1	唐	義淨	陳那菩薩	譯	造		陳那菩薩造 唐 義淨譯
31	1623	觀總相論頌	1	唐	義淨	陳那菩薩	譯	造		陳那菩薩造 唐 義淨譯
31	1624	觀所緣緣論	1	唐	玄奘	陳那菩薩	譯	造		陳那菩薩造 唐 玄奘譯
31	1625	觀所緣論釋	1	唐	義淨	護法菩薩	譯	造		護法菩薩造 唐 義淨譯
31	1626	大乘法界無差別論	1	唐	提雲般若等	堅慧菩薩	譯	造		堅慧菩薩造 唐 提雲般若等譯
31	1627	大乘法界無差別論	1	唐	提雲般若	堅慧菩薩	譯	造		堅慧菩薩造 唐 提雲般若譯
32	1628	因明正理門論本	1	唐	玄奘	大域龍菩薩	譯	造		大域龍菩薩造 唐 玄奘譯
32	1629	因明正理門論	1	唐	義淨	大域龍菩薩	譯	造		大域龍菩薩造 唐 義淨譯
32	1630	因明入正理論	1	唐	玄奘	南羯羅主菩薩	譯	造		南羯羅主菩薩造 唐 玄奘譯
32	1631	迴諍論	1	後魏	毘目智仙共瞿曇流支	龍樹菩薩	譯	造		龍樹菩薩造 後魏 毘目智仙共瞿曇流支譯
32	1632	方便心論	1	後魏	吉迦夜		譯			後魏 吉迦夜譯
32	1633	如實論	1	陳	真諦		譯			陳 真諦譯
32	1634	入大乘論	2	北涼	道泰等	堅意菩薩	譯	造		堅意菩薩造 北涼 道泰等譯
32	1635	大乘寶要義論	10	宋	法護等		譯			宋 法護等譯
32	1636	大乘集菩薩學論	25	宋	法護等	法稱菩薩	譯	造		法稱菩薩造 宋 法護等譯
32	1637	集大乘相論	2	宋	施護	覺吉祥智菩薩	譯	造		覺吉祥智菩薩造 宋 施護譯
32	1638	集諸法寶最上義論	2	宋	施護	善寂菩薩	譯	造		善寂菩薩造 宋 施護譯
32	1639	提婆菩薩破楞伽經中外道小乘四宗論	1	後魏	菩提流支	提波菩薩	譯	造		提波菩薩造 後魏 菩提流支譯
32	1640	提婆菩薩釋楞伽經中外道小乘涅槃論	1	後魏	菩提流支	提波菩薩	譯	造		提波菩薩造 後魏 菩提流支譯
32	1641	隨相論	1	陳	真諦	德慧法師	譯	造		德慧法師造 陳 真諦譯
32	1642	金剛針論	1	宋	法天	法稱菩薩	譯	造		法稱菩薩造 宋 法天譯
32	1643	尼乾子問無我義經	1	宋	日稱	馬鳴菩薩	譯	集		馬鳴菩薩集 宋 日稱譯
32	1644	佛說立世阿毘曇論	10	陳	真諦		譯			陳 真諦譯
32	1645	彰所知論	2	元	沙羅巴	發合思巴	譯	造		發合思巴造 元 沙羅巴譯
32	1646	成實論	16	姚秦	鳩摩羅什	訶梨跋摩	譯	造		訶梨跋摩造 姚秦 鳩摩羅什譯
32	1647	四諦論	4	陳	真諦	婆藪跋摩	譯	造		婆藪跋摩造 陳 真諦譯
32	1648	解脫道論	12	梁	僧伽婆羅	優波底沙	譯	造		優波底沙造 梁 僧伽婆羅譯
32	1649	三彌底部論	3		失		譯			失譯
32	1650	辟支佛因緣論	2		失		譯			失譯
32	1651	十二因緣論	1	後魏	菩提流支	淨意菩薩	譯	造		淨意菩薩造 後魏 菩提流支譯
32	1652	緣生論	1	隋	達磨笈多	欝楞迦	譯	造		欝楞迦造 隋 達磨笈多譯
32	1653	大乘緣生論	1	唐	不空	欝楞迦	譯	造		欝楞迦造 唐 不空譯
32	1654	因緣心論頌因緣心論釋	1		猛龍菩薩		造			猛龍菩薩造
32	1655	止觀門論頌	1	唐	義淨	世親菩薩	譯	造		世親菩薩造 唐 義淨譯
32	1656	寶行王正論	1	陳	真諦		譯			陳 真諦譯
32	1657	手杖論	1	唐	義淨	釋迦稱	譯	造		釋迦稱造 唐 義淨譯
32	1658	諸教決定名義論	1	宋	施護	慈氏菩薩	譯	造		慈氏菩薩造 宋 施護譯
32	1659	發菩提心經論	2	後秦	鳩摩羅什	天親菩薩	譯	造		天親菩薩造 後秦 鳩摩羅什譯
32	1660	菩提資糧論	6	隋	達磨笈多	龍樹	譯	本	自在比丘	龍樹本 自在比丘釋 隋 達磨笈多譯
32	1661	菩提心離相論	1	宋	施護	龍樹菩薩	譯	造		龍樹菩薩造 宋 施護譯
32	1662	菩提行經	4	宋	天息災	龍樹菩薩集	譯	頌		龍樹菩薩集頌 宋 天息災譯
32	1663	菩提心觀釋	1	宋	法天		譯			宋 法天譯
32	1664	廣釋菩提心論	4	宋	施護	蓮華戒菩薩	譯	造		蓮華戒菩薩造 宋 施護譯
32	1665	金剛頂瑜伽中發阿耨多羅三藐三菩提心論	1	唐	不空		譯			唐 不空譯
32	1666	大乘起信論	1	梁	真諦	馬鳴菩薩	譯	造		馬鳴菩薩造 梁 真諦譯
32	1667	大乘起信論	2	唐	實叉難陀	馬鳴菩薩	譯	造		馬鳴菩薩造 唐 實叉難陀譯
32	1668	釋摩訶衍論	10	姚秦	筏提摩多	龍樹菩薩	譯	造		龍樹菩薩造 姚秦 筏提摩多譯
32	1669	大宗地玄文本論	20	陳	真諦	馬鳴菩薩	譯	造		馬鳴菩薩造 陳 真諦譯
32	1670A	那先比丘經	2		失		譯			失譯
32	1670B	那先比丘經	3		失		譯			失譯
32	1671	福蓋正行所集經	12	宋	日稱等	龍樹菩薩	譯	集		龍樹菩薩集 宋 日稱等譯
32	1672	龍樹菩薩為禪陀迦王說法要偈	1	宋	求那跋摩		譯			宋 求那跋摩譯
32	1673	勸發諸王要偈	1	宋	僧伽跋摩	龍樹菩薩	譯	撰		龍樹菩薩撰 宋 僧伽跋摩譯
32	1674	龍樹菩薩勸誡王頌	1	唐	義淨		譯			唐 義淨譯
32	1675	讚法界頌	1	宋	施護	龍樹菩薩	譯	造		龍樹菩薩造 宋 施護譯
32	1676	廣大發願頌	1	宋	施護等	龍樹菩薩	譯	造		龍樹菩薩造 宋 施護等譯
32	1677	三身梵讚	1	宋	法賢		譯			宋 法賢譯
32	1678	佛三身讚	1	宋	法賢	西土賢聖	譯	撰		西土賢聖撰 宋 法賢譯
32	1679	佛一百八名讚	1	宋	法天		譯			宋 法天譯
32	1680	一百五十讚佛頌	1	唐	義淨	摩咥里制吒	譯	造		摩咥里制吒造 唐 義淨譯
32	1681	佛吉祥德讚	3	宋	施護	寂友尊者	譯	造		寂友尊者造 宋 施護譯
32	1682	七佛讚唄伽他	1	宋	法天		譯			宋 法天譯
32	1683	犍稚梵讚	1	宋	法賢		譯			宋 法賢譯
32	1684	八大靈塔梵讚	1	宋	法賢	西天戒日王	譯	製		西天戒日王製 宋 法賢譯
32	1685	佛說八大靈塔名號經	1	宋	法賢		譯			宋 法賢譯
32	1686	賢聖集伽陀一百頌	1	宋	天息災		譯			宋 天息災譯
32	1687	事師法五十頌	1	宋	日稱等	馬鳴菩薩	譯	集		馬鳴菩薩集 宋 日稱等譯
32	1688	密跡力士大權神王經偈頌	1	元	管主八		撰			元 管主八撰
32	1689	請賓頭盧法	1	劉宋	慧簡		譯			劉宋 慧簡譯
32	1690	賓頭盧突羅闍為優陀延王說法經	1	劉宋	求那跋陀羅		譯			劉宋 求那跋陀羅譯
32	1691	迦葉仙人說醫女人經	1	宋	法賢		譯			宋 法賢譯
32	1692	勝軍化世百喻伽他經	1	宋	天息災		譯			宋 天息災譯
33	1693	人本欲生經註	1	東晉	道安		撰			東晉 道安撰
33	1694	陰持入經註	2	吳	陳慧		撰			吳 陳慧撰
33	1695	大般若波羅蜜多經般若理趣分述讚	3	唐	窺基		撰			唐 窺基撰
33	1696	大品經遊意	1	隋	吉藏		撰			隋 吉藏撰
33	1697	大慧度經宗要	1	新羅	元曉		撰			新羅 元曉撰
33	1698	金剛般若經疏	1	隋	智顗		說			隋 智顗說
33	1699	金剛般若疏	4	隋	吉藏		撰			隋 吉藏撰
33	1700	金剛般若經贊述	2	唐	窺基		撰			唐 窺基撰
33	1701	金剛般若經疏論纂要	2	宋	子璿治	宗密	定	述		唐 宗密述 宋 子璿治定
33	1702	金剛經纂要刊定記	7	宋	子璿		錄			宋 子璿錄
33	1703	金剛般若波羅蜜經註解	1	明	宗泐．如玘同		註			明 宗泐．如玘同註
33	1704	金剛般若波羅蜜經略疏	2	唐	智儼		述			唐 智儼述
33	1705	仁王護國般若經疏	5	隋	灌頂	智顗	記	說		隋 智顗說 灌頂記
33	1706	仁王護國般若波羅蜜經疏神寶記	4	宋	善月		述			宋 善月述
33	1707	仁王般若經疏	3	隋	吉藏		撰			隋 吉藏撰
33	1708	仁王經疏	3	唐	圓測		撰			唐 圓測撰
33	1709	仁王護國般若波羅蜜多經疏	3	唐	良賁		述			唐 良賁述
33	1710	般若波羅蜜多心經幽贊	2	唐	窺基		撰			唐 窺基撰
33	1711	般若波羅蜜多心經贊	1	唐	圓測		撰			唐 圓測撰
33	1712	般若波羅蜜多心經略疏	1	唐	法藏		述			唐 法藏述
33	1713	般若心經略疏連珠記	2	宋	師會		述			宋 師會述
33	1714	般若波羅蜜多心經註解	1	明	宗泐．如玘同		註			明 宗泐．如玘同註
33	1715	法華經義記	8	梁	法雲		撰			梁 法雲撰
33	1716	妙法蓮華經玄義	10	隋	智顗		說			隋 智顗說
33	1717	法華玄義釋籤	20	唐	湛然		述			唐 湛然述
34	1718	妙法蓮華經文句	10	隋	智顗		說			隋 智顗說
34	1719	法華文句記	10	唐	湛然		述			唐 湛然述
34	1720	法華玄論	10	隋	吉藏		撰			隋 吉藏撰
34	1721	法華義疏	12	隋	吉藏		撰			隋 吉藏撰
34	1722	法華遊意	1	隋	吉藏		造			隋 吉藏造
34	1723	妙法蓮華經玄贊	10	唐	窺基		撰			唐 窺基撰
34	1724	法華玄贊義決	1	唐	慧沼		撰			唐 慧沼撰
34	1725	法華宗要	1	新羅	元曉		撰			新羅 元曉撰
34	1726	觀音玄義	2	隋	智顗說．灌頂		記			隋 智顗說．灌頂記
34	1727	觀音玄義記	4	宋	知禮		述			宋 知禮述
34	1728	觀音義疏	2	隋	智顗說．灌頂		記			隋 智顗說．灌頂記
34	1729	觀音義疏記	4	宋	知禮		述			宋 知禮述
34	1730	金剛三昧經論	3	新羅	元曉		述			新羅 元曉述
35	1731	華嚴遊意	1	隋	吉藏		撰			隋 吉藏撰
35	1732	大方廣佛華嚴經搜玄分齊通智方軌	5	唐	智儼		述			唐 智儼述
35	1733	華嚴經探玄記	20	唐	法藏		述			唐 法藏述
35	1734	花嚴經文義綱目	1	唐	法藏		撰			唐 法藏撰
35	1735	大方廣佛華嚴經疏	60	唐	澄觀		撰			唐 澄觀撰
36	1736	大方廣佛華嚴經隨疏演義鈔	90	唐	澄觀		述			唐 澄觀述
36	1737	大華嚴經略策	1	唐	澄觀		述			唐 澄觀述
36	1738	新譯華嚴經七處九會頌釋章	1	唐	澄觀		述			唐 澄觀述
36	1739	新華嚴經論	40	唐	李通玄		撰			唐 李通玄撰
36	1740	大方廣佛華嚴經中卷卷大意略敘	1	唐	李通玄		造			唐 李通玄造
36	1741	略釋新華嚴經修行次第決疑論	4	唐	李通玄		撰			唐 李通玄撰
36	1742	大方廣佛華嚴經願行觀門骨目	2	唐	湛然		撰			唐 湛然撰
36	1743	皇帝降誕日於麟德殿講大方廣佛華嚴經玄義一部	1	唐	靜居		撰			唐 靜居撰
37	1744	勝鬘寶窟	3	隋	吉藏		撰			隋 吉藏撰
37	1745	無量壽經義疏	2	隋	慧遠		撰			隋 慧遠撰
37	1746	無量壽經義疏	1	隋	吉藏		撰			隋 吉藏撰
37	1747	兩卷無量壽經宗要	1	新羅	元曉		撰			新羅 元曉撰
37	1748	無量壽經連義述文贊	3	新羅	璟興		撰			新羅 璟興撰
37	1749	觀無量壽經義疏	1	隋	慧遠		撰			隋 慧遠撰
37	1750	觀無量壽佛經疏	1	隋	智顗		說			隋 智顗說
37	1751	觀無量壽佛經疏妙宗鈔	6	宋	知禮		述			宋 知禮述
37	1752	觀無量壽經義疏	1	隋	吉藏		撰			隋 吉藏撰
37	1753	觀無量壽佛經疏	4	唐	善導集		記			唐 善導集記
37	1754	觀無量壽佛經義疏	3	宋	元照		述			宋 元照述
37	1755	阿彌陀經義記	1	隋	智顗		說			隋 智顗說
37	1756	阿彌陀經義述	1	唐	慧淨		述			唐 慧淨述
37	1757	阿彌陀經疏	1	唐	窺基		撰			唐 窺基撰
37	1758	阿彌陀經通贊疏	3	唐	窺基		撰			唐 窺基撰
37	1759	阿彌陀經疏	1	新羅	元曉		述			新羅 元曉述
37	1760	阿彌陀經疏	1	宋	智圓		述			宋 智圓述
37	1761	阿彌陀經義疏	1	宋	元照		述			宋 元照述
37	1762	阿彌陀經要解	1	明	智旭		解			明 智旭解
37	1763	大般涅槃經集解	71	梁	寶亮等		集			梁 寶亮等集
37	1764	大般涅槃經義記	10	隋	慧遠		述			隋 慧遠述
38	1765	大般涅槃經玄義	2	隋	灌頂		撰			隋 灌頂撰
38	1766	涅槃玄義發源機要	4	宋	智圓		述			宋 智圓述
38	1767	大般涅槃經疏	33	隋	灌頂		撰			隋 灌頂撰
38	1768	涅槃經遊意	1	隋	吉藏		撰			隋 吉藏撰
38	1769	涅槃宗要	1	新羅	元曉		撰			新羅 元曉撰
38	1770	本願藥師經古迹	2	新羅	太賢		撰			新羅 太賢撰
38	1771	彌勒經遊意	1	隋	吉藏		撰			隋 吉藏撰
38	1772	觀彌勒上生兜率天經贊	2	唐	窺基		撰			唐 窺基撰
38	1773	彌勒上生經宗要	1	新羅	元曉		撰			新羅 元曉撰
38	1774	三彌勒經疏	1	新羅	憬興		撰			新羅 憬興撰
38	1775	注維摩詰經	10	後秦	僧肇		撰			後秦 僧肇撰
38	1776	維摩義記	4	隋	慧遠		撰			隋 慧遠撰
38	1777	維摩經玄疏	6	隋	智顗		撰			隋 智顗撰
38	1778	維摩經略疏	10	唐	湛然	智顗	略	說		隋 智顗說　唐 湛然略
38	1779	維摩經略疏垂裕記	10	宋	智圓		述			宋 智圓述
38	1780	淨名玄論	8	隋	吉藏		造			隋 吉藏造
38	1781	維摩經義疏	6	隋	吉藏		撰			隋 吉藏撰
38	1782	說無垢稱經疏	6	唐	窺基		撰			唐 窺基撰
39	1783	金光明經玄義	2	隋	灌頂	智顗	錄	說		隋 智顗說 灌頂錄
39	1784	金光明經玄義拾遺記	6	宋	知禮		述			宋 知禮述
39	1785	金光明經文句	6	隋	灌頂	智顗	錄	說		隋 智顗說 灌頂錄
39	1786	金光明經文句記	6	宋	知禮		述			宋 知禮述
39	1787	金光明經疏	1	隋	吉藏		撰			隋 吉藏撰
39	1788	金光明最勝王經疏	6	唐	慧沼		撰			唐 慧沼撰
39	1789	楞伽阿跋多羅寶經註解	4	明	宗泐．如玘同		註			明 宗泐．如玘同註
39	1790	入楞伽心玄義	1	唐	法藏		撰			唐 法藏撰
39	1791	注大乘入楞伽經	10	宋	寶臣		述			宋 寶臣述
39	1792	佛說盂蘭盆經疏	2	唐	宗密		述			唐 宗密述
39	1793	溫室經義記	1	隋	慧遠		撰			隋 慧遠撰
39	1794	註四十二章經	1	宋	真宗皇帝		註			宋 真宗皇帝註
39	1795	大方廣圓覺修多羅了義經略疏	2	唐	宗密		述			唐 宗密述
39	1796	大毘盧遮那成佛經疏	20	唐	一行		記			唐 一行記
39	1797	大毘盧遮那經供養次第法疏	2	唐	不可思議		撰			唐 不可思議撰
39	1798	金剛頂經大瑜伽祕密心地法門義訣	1	唐	不空		撰			唐 不空撰
39	1799	首楞嚴義疏注經	10	宋	子璿		集			宋 子璿集
39	1800	請觀音經疏	1	隋	灌頂	智顗	記	說		隋 智顗說 灌頂記
39	1801	請觀音經疏闡義鈔	4	宋	智圓		述			宋 智圓述
39	1802	十一面神呪心經義疏	1	唐	慧沼		撰			唐 慧沼撰
39	1803	佛頂尊勝陀羅尼經教跡義記	2	唐	法崇		述			唐 法崇述
40	1804	四分律刪繁補闕行事鈔	3	唐	道宣		撰			唐 道宣撰
40	1805	四分律行事鈔資持記	3	宋	元照		撰			宋 元照撰
40	1806	四分律比丘含注戒本	3	唐	道宣		述			唐 道宣述
40	1807	四分比丘戒本疏	2	唐	定賓		撰			唐 定賓撰
40	1808	四分律刪補隨機羯磨	2	唐	道宣		集			唐 道宣集
40	1809	僧羯磨	3	唐	懷素		集			唐 懷素集
40	1810	尼羯磨	3	唐	懷素		集			唐 懷素集
40	1811	菩薩戒義疏	2	隋	灌頂	智顗	記	說		隋 智顗說 灌頂記
40	1812	天台菩薩戒疏	3	唐	明曠刪		補			唐 明曠刪補
40	1813	梵網經菩薩戒本疏	6	唐	法藏		撰			唐 法藏撰
40	1814	菩薩戒本疏	2	新羅	義寂		述			新羅 義寂述
40	1815	梵網經古迹記	2	新羅	太賢		集			新羅 太賢集
40	1816	金剛般若論會釋	3	唐	窺基		撰			唐 窺基撰
40	1817	略明般若末後一頌讚述	1	唐	義淨		述			唐 義淨述
40	1818	法華論疏	3	隋	吉藏		撰			隋 吉藏撰
40	1819	無量壽經優婆提舍願生偈註	2	北魏	曇鸞註		解			北魏 曇鸞註解
40	1820	佛遺教經論疏節要	1	明	袾宏補	淨源節	註	要		宋 淨源節要 明 袾宏補註
41	1821	俱舍論記	30	唐	普光		述			唐 普光述
41	1822	俱舍論疏	30	唐	法寶		撰			唐 法寶撰
41	1823	俱舍論頌疏論本	30	唐	圓暉		述			唐 圓暉述
42	1824	中觀論疏	10	隋	吉藏		撰			隋 吉藏撰
42	1825	十二門論疏	3	隋	吉藏		撰			隋 吉藏撰
42	1826	十二門論宗致義記	2	唐	法藏		述			唐 法藏述
42	1827	百論疏	3	隋	吉藏		撰			隋 吉藏撰
42	1828	瑜伽論記	24	唐	遁倫集		撰			唐 遁倫集撰
